"","total_minutes_played","overall_pick","pick_bucket","educational_prestige","team_conference"
"1",11593,1,"Top5","PowerSchool","Western"
"2",18133,2,"Top5","PowerSchool","Western"
"3",24502,3,"Top5","OtherCollege","Western"
"4",34985,4,"Top5","OtherCollege","Eastern"
"5",15370,5,"Top5","OtherCollege","Western"
"6",7406,6,"Lottery","OtherCollege","Eastern"
"7",17429,7,"Lottery","OtherCollege","Eastern"
"8",5382,8,"Lottery","OtherCollege","Western"
"9",10419,9,"Lottery","OtherCollege","Eastern"
"10",19399,10,"Lottery","PowerSchool","Western"
"11",24922,11,"Lottery","OtherCollege","Eastern"
"12",31026,12,"Lottery","OtherCollege","Eastern"
"13",1328,13,"Lottery","OtherCollege","Eastern"
"14",30626,14,"Lottery","OtherCollege","Western"
"15",4240,15,"MidtoLateFirst","OtherCollege","Western"
"16",19480,16,"MidtoLateFirst","OtherCollege","Western"
"17",29293,17,"MidtoLateFirst","OtherCollege","Western"
"18",17790,18,"MidtoLateFirst","OtherCollege","Eastern"
"19",1167,19,"MidtoLateFirst","PowerSchool","Eastern"
"20",462,20,"MidtoLateFirst","OtherCollege","Eastern"
"21",18409,21,"MidtoLateFirst","OtherCollege","Western"
"22",849,22,"MidtoLateFirst","OtherCollege","Western"
"23",194,23,"MidtoLateFirst","OtherCollege","Eastern"
"24",1499,24,"MidtoLateFirst","OtherCollege","Western"
"25",1879,25,"MidtoLateFirst","OtherCollege","Eastern"
"26",33838,26,"MidtoLateFirst","NonCollegiate","Western"
"27",1795,27,"MidtoLateFirst","OtherCollege","Eastern"
"28",21148,28,"MidtoLateFirst","OtherCollege","Eastern"
"29",109,29,"MidtoLateFirst","OtherCollege","Western"
"30",595,30,"MidtoLateFirst","OtherCollege","Eastern"
"31",2685,31,"SecondRound","OtherCollege","Western"
"32",128,32,"SecondRound","OtherCollege","Eastern"
"33",26,33,"SecondRound","PowerSchool","Western"
"34",149,34,"SecondRound","OtherCollege","Western"
"35",930,35,"SecondRound","OtherCollege","Western"
"36",42561,36,"SecondRound","PowerSchool","Western"
"37",2143,37,"SecondRound","OtherCollege","Eastern"
"38",16649,38,"SecondRound","PowerSchool","Western"
"39",374,39,"SecondRound","OtherCollege","Eastern"
"40",7308,40,"SecondRound","NonCollegiate","Eastern"
"41",412,41,"SecondRound","OtherCollege","Eastern"
"43",11962,43,"SecondRound","OtherCollege","Eastern"
"45",609,45,"SecondRound","OtherCollege","Eastern"
"46",13,46,"SecondRound","OtherCollege","Western"
"49",7202,49,"SecondRound","OtherCollege","Eastern"
"50",1530,50,"SecondRound","OtherCollege","Eastern"
"51",153,51,"SecondRound","OtherCollege","Western"
"52",3350,52,"SecondRound","OtherCollege","Western"
"55",25903,1,"Top5","OtherCollege","Eastern"
"56",47117,2,"Top5","OtherCollege","Western"
"57",15628,3,"Top5","OtherCollege","Western"
"58",17983,4,"Top5","OtherCollege","Eastern"
"59",29481,5,"Top5","OtherCollege","Western"
"60",12298,6,"Lottery","PowerSchool","Western"
"61",13472,7,"Lottery","OtherCollege","Western"
"62",1336,8,"Lottery","OtherCollege","Western"
"63",6666,9,"Lottery","OtherCollege","Eastern"
"64",6098,10,"Lottery","OtherCollege","Eastern"
"65",22388,11,"Lottery","OtherCollege","Western"
"66",2937,12,"Lottery","OtherCollege","Western"
"67",16993,13,"Lottery","OtherCollege","Western"
"68",2964,14,"Lottery","OtherCollege","Western"
"69",594,15,"MidtoLateFirst","OtherCollege","Eastern"
"70",16422,16,"MidtoLateFirst","OtherCollege","Eastern"
"71",1902,17,"MidtoLateFirst","OtherCollege","Eastern"
"72",9409,18,"MidtoLateFirst","OtherCollege","Western"
"73",16843,19,"MidtoLateFirst","OtherCollege","Eastern"
"74",3347,20,"MidtoLateFirst","OtherCollege","Western"
"75",9805,21,"MidtoLateFirst","OtherCollege","Western"
"76",2019,22,"MidtoLateFirst","PowerSchool","Eastern"
"77",7372,23,"MidtoLateFirst","OtherCollege","Western"
"78",1950,24,"MidtoLateFirst","OtherCollege","Western"
"79",3200,25,"MidtoLateFirst","PowerSchool","Western"
"80",1045,26,"MidtoLateFirst","OtherCollege","Eastern"
"81",25776,27,"MidtoLateFirst","OtherCollege","Western"
"82",192,28,"MidtoLateFirst","OtherCollege","Western"
"83",22212,29,"MidtoLateFirst","NonCollegiate","Eastern"
"84",8042,30,"MidtoLateFirst","OtherCollege","Eastern"
"85",4513,31,"SecondRound","OtherCollege","Western"
"86",1182,32,"SecondRound","OtherCollege","Eastern"
"87",209,33,"SecondRound","OtherCollege","Western"
"88",1125,34,"SecondRound","PowerSchool","Western"
"89",7974,35,"SecondRound","OtherCollege","Eastern"
"90",1609,36,"SecondRound","PowerSchool","Eastern"
"91",3108,37,"SecondRound","OtherCollege","Eastern"
"92",8444,38,"SecondRound","OtherCollege","Western"
"93",918,39,"SecondRound","OtherCollege","Western"
"94",20319,40,"SecondRound","OtherCollege","Western"
"95",299,41,"SecondRound","OtherCollege","Eastern"
"96",4568,42,"SecondRound","OtherCollege","Western"
"97",12291,43,"SecondRound","OtherCollege","Western"
"98",2282,44,"SecondRound","OtherCollege","Eastern"
"99",26084,45,"SecondRound","OtherCollege","Eastern"
"100",2918,46,"SecondRound","OtherCollege","Eastern"
"101",8548,47,"SecondRound","OtherCollege","Eastern"
"102",14712,48,"SecondRound","OtherCollege","Western"
"104",87,50,"SecondRound","OtherCollege","Western"
"105",7295,51,"SecondRound","OtherCollege","Western"
"106",30,52,"SecondRound","NonCollegiate","Eastern"
"108",3334,54,"SecondRound","OtherCollege","Western"
"109",25685,1,"Top5","OtherCollege","Western"
"110",25868,2,"Top5","OtherCollege","Eastern"
"111",17619,3,"Top5","OtherCollege","Western"
"112",36791,4,"Top5","OtherCollege","Western"
"113",28855,5,"Top5","OtherCollege","Eastern"
"114",5833,6,"Lottery","OtherCollege","Western"
"115",12006,7,"Lottery","OtherCollege","Western"
"116",5018,8,"Lottery","OtherCollege","Western"
"117",21658,9,"Lottery","OtherCollege","Eastern"
"118",10004,10,"Lottery","OtherCollege","Eastern"
"119",21545,11,"Lottery","OtherCollege","Eastern"
"120",15850,12,"Lottery","OtherCollege","Eastern"
"121",29606,13,"Lottery","OtherCollege","Eastern"
"122",309,14,"Lottery","OtherCollege","Western"
"123",6729,15,"MidtoLateFirst","OtherCollege","Eastern"
"124",13760,16,"MidtoLateFirst","OtherCollege","Western"
"125",5755,17,"MidtoLateFirst","OtherCollege","Western"
"126",1031,18,"MidtoLateFirst","OtherCollege","Eastern"
"127",3131,19,"MidtoLateFirst","PowerSchool","Eastern"
"128",345,20,"MidtoLateFirst","OtherCollege","Western"
"129",11882,21,"MidtoLateFirst","OtherCollege","Western"
"130",857,22,"MidtoLateFirst","OtherCollege","Western"
"131",5869,23,"MidtoLateFirst","OtherCollege","Eastern"
"132",23723,24,"MidtoLateFirst","OtherCollege","Eastern"
"134",883,26,"MidtoLateFirst","PowerSchool","Eastern"
"135",8394,27,"MidtoLateFirst","OtherCollege","Western"
"136",1143,28,"MidtoLateFirst","OtherCollege","Western"
"138",313,30,"MidtoLateFirst","OtherCollege","Eastern"
"139",11533,31,"SecondRound","OtherCollege","Western"
"140",3,32,"SecondRound","OtherCollege","Western"
"141",3501,33,"SecondRound","OtherCollege","Western"
"142",23,34,"SecondRound","OtherCollege","Western"
"143",3049,35,"SecondRound","OtherCollege","Western"
"144",1313,36,"SecondRound","OtherCollege","Eastern"
"145",9501,37,"SecondRound","OtherCollege","Western"
"147",856,39,"SecondRound","OtherCollege","Eastern"
"148",7275,40,"SecondRound","OtherCollege","Eastern"
"149",671,41,"SecondRound","OtherCollege","Eastern"
"151",155,43,"SecondRound","OtherCollege","Western"
"153",13426,45,"SecondRound","OtherCollege","Eastern"
"154",2226,46,"SecondRound","OtherCollege","Western"
"156",8350,48,"SecondRound","OtherCollege","Western"
"157",1946,49,"SecondRound","OtherCollege","Western"
"159",3607,51,"SecondRound","NonCollegiate","Western"
"163",41918,1,"Top5","OtherCollege","Eastern"
"164",25975,2,"Top5","OtherCollege","Western"
"165",25760,3,"Top5","PowerSchool","Western"
"166",29067,4,"Top5","OtherCollege","Western"
"167",17616,5,"Top5","OtherCollege","Western"
"168",23556,6,"Lottery","OtherCollege","Eastern"
"169",18818,7,"Lottery","OtherCollege","Western"
"170",12214,8,"Lottery","OtherCollege","Eastern"
"171",27736,9,"Lottery","OtherCollege","Eastern"
"172",10334,10,"Lottery","OtherCollege","Eastern"
"173",27069,11,"Lottery","OtherCollege","Western"
"174",3748,12,"Lottery","OtherCollege","Eastern"
"175",16417,13,"Lottery","OtherCollege","Western"
"176",11720,14,"Lottery","OtherCollege","Eastern"
"177",20464,15,"MidtoLateFirst","OtherCollege","Western"
"178",1093,16,"MidtoLateFirst","OtherCollege","Western"
"179",26079,17,"MidtoLateFirst","OtherCollege","Western"
"180",12103,18,"MidtoLateFirst","PowerSchool","Western"
"181",6679,19,"MidtoLateFirst","PowerSchool","Eastern"
"182",15143,20,"MidtoLateFirst","OtherCollege","Eastern"
"183",13880,21,"MidtoLateFirst","OtherCollege","Eastern"
"184",11338,22,"MidtoLateFirst","OtherCollege","Western"
"185",10337,23,"MidtoLateFirst","OtherCollege","Eastern"
"186",35270,24,"MidtoLateFirst","OtherCollege","Western"
"187",2641,25,"MidtoLateFirst","OtherCollege","Western"
"188",475,26,"MidtoLateFirst","OtherCollege","Western"
"189",2674,27,"MidtoLateFirst","OtherCollege","Eastern"
"190",1146,28,"MidtoLateFirst","OtherCollege","Western"
"191",33823,29,"MidtoLateFirst","OtherCollege","Eastern"
"192",13560,30,"MidtoLateFirst","OtherCollege","Western"
"193",384,31,"SecondRound","OtherCollege","Western"
"194",7007,32,"SecondRound","OtherCollege","Eastern"
"195",288,33,"SecondRound","OtherCollege","Eastern"
"196",3956,34,"SecondRound","PowerSchool","Western"
"197",1886,35,"SecondRound","OtherCollege","Western"
"198",781,36,"SecondRound","OtherCollege","Western"
"199",102,37,"SecondRound","OtherCollege","Eastern"
"200",159,38,"SecondRound","OtherCollege","Eastern"
"201",1189,39,"SecondRound","OtherCollege","Eastern"
"203",12579,41,"SecondRound","OtherCollege","Western"
"204",12221,42,"SecondRound","OtherCollege","Eastern"
"205",2331,43,"SecondRound","NonCollegiate","Western"
"207",2058,45,"SecondRound","OtherCollege","Western"
"208",273,46,"SecondRound","OtherCollege","Western"
"209",367,47,"SecondRound","OtherCollege","Eastern"
"210",374,48,"SecondRound","PowerSchool","Western"
"212",512,50,"SecondRound","OtherCollege","Western"
"214",12,52,"SecondRound","OtherCollege","Eastern"
"217",30847,1,"Top5","OtherCollege","Eastern"
"218",19531,2,"Top5","OtherCollege","Eastern"
"219",23711,3,"Top5","OtherCollege","Western"
"220",22762,4,"Top5","PowerSchool","Western"
"221",17851,5,"Top5","OtherCollege","Western"
"222",22007,6,"Lottery","PowerSchool","Eastern"
"223",4170,7,"Lottery","PowerSchool","Western"
"224",25737,8,"Lottery","OtherCollege","Eastern"
"225",21873,9,"Lottery","OtherCollege","Western"
"226",23253,10,"Lottery","OtherCollege","Eastern"
"227",28311,11,"Lottery","OtherCollege","Eastern"
"228",17683,12,"Lottery","OtherCollege","Western"
"229",7305,13,"Lottery","OtherCollege","Western"
"230",186,14,"Lottery","OtherCollege","Eastern"
"231",838,15,"MidtoLateFirst","OtherCollege","Eastern"
"232",4602,16,"MidtoLateFirst","PowerSchool","Eastern"
"233",2530,17,"MidtoLateFirst","PowerSchool","Western"
"234",92,18,"MidtoLateFirst","OtherCollege","Western"
"235",2512,19,"MidtoLateFirst","OtherCollege","Eastern"
"236",7592,20,"MidtoLateFirst","PowerSchool","Western"
"237",6935,21,"MidtoLateFirst","OtherCollege","Western"
"238",17282,22,"MidtoLateFirst","OtherCollege","Eastern"
"239",16989,23,"MidtoLateFirst","OtherCollege","Western"
"240",29812,24,"MidtoLateFirst","OtherCollege","Western"
"241",9925,25,"MidtoLateFirst","PowerSchool","Eastern"
"242",27,26,"MidtoLateFirst","OtherCollege","Eastern"
"243",69,27,"MidtoLateFirst","OtherCollege","Western"
"244",15701,28,"MidtoLateFirst","OtherCollege","Western"
"246",6729,30,"MidtoLateFirst","NonCollegiate","Eastern"
"247",143,31,"SecondRound","OtherCollege","Western"
"248",114,32,"SecondRound","OtherCollege","Eastern"
"249",1844,33,"SecondRound","OtherCollege","Western"
"250",293,34,"SecondRound","OtherCollege","Western"
"251",17,35,"SecondRound","OtherCollege","Eastern"
"253",28969,37,"SecondRound","PowerSchool","Western"
"256",512,40,"SecondRound","OtherCollege","Eastern"
"258",97,42,"SecondRound","PowerSchool","Western"
"259",382,43,"SecondRound","OtherCollege","Western"
"261",19805,45,"SecondRound","OtherCollege","Western"
"262",92,46,"SecondRound","PowerSchool","Western"
"263",10052,47,"SecondRound","OtherCollege","Western"
"264",58,48,"SecondRound","OtherCollege","Western"
"268",705,52,"SecondRound","OtherCollege","Western"
"271",25346,1,"Top5","OtherCollege","Eastern"
"272",50111,2,"Top5","OtherCollege","Western"
"273",34776,3,"Top5","PowerSchool","Eastern"
"274",25027,4,"Top5","PowerSchool","Western"
"275",36654,5,"Top5","OtherCollege","Eastern"
"276",4531,6,"Lottery","OtherCollege","Eastern"
"277",18477,7,"Lottery","OtherCollege","Western"
"278",21417,8,"Lottery","OtherCollege","Western"
"279",8479,9,"Lottery","OtherCollege","Eastern"
"280",32778,10,"Lottery","OtherCollege","Western"
"281",5654,11,"Lottery","OtherCollege","Western"
"282",5837,12,"Lottery","OtherCollege","Eastern"
"283",27925,13,"Lottery","OtherCollege","Western"
"284",1002,14,"Lottery","OtherCollege","Eastern"
"285",14613,15,"MidtoLateFirst","OtherCollege","Eastern"
"286",2984,16,"MidtoLateFirst","PowerSchool","Western"
"287",19156,17,"MidtoLateFirst","OtherCollege","Western"
"288",1570,18,"MidtoLateFirst","OtherCollege","Eastern"
"289",2222,19,"MidtoLateFirst","OtherCollege","Western"
"290",809,20,"MidtoLateFirst","OtherCollege","Eastern"
"291",5201,21,"MidtoLateFirst","OtherCollege","Eastern"
"292",1614,22,"MidtoLateFirst","OtherCollege","Western"
"293",20727,23,"MidtoLateFirst","OtherCollege","Western"
"294",7624,24,"MidtoLateFirst","OtherCollege","Eastern"
"295",5144,25,"MidtoLateFirst","PowerSchool","Western"
"296",14080,26,"MidtoLateFirst","OtherCollege","Eastern"
"297",1714,27,"MidtoLateFirst","OtherCollege","Eastern"
"299",1395,29,"MidtoLateFirst","PowerSchool","Western"
"300",16013,30,"MidtoLateFirst","OtherCollege","Western"
"302",5927,32,"SecondRound","OtherCollege","Eastern"
"303",2657,33,"SecondRound","OtherCollege","Eastern"
"304",42,34,"SecondRound","OtherCollege","Eastern"
"305",10552,35,"SecondRound","OtherCollege","Western"
"307",1146,37,"SecondRound","PowerSchool","Western"
"308",1395,38,"SecondRound","PowerSchool","Western"
"309",1637,39,"SecondRound","OtherCollege","Western"
"310",58,40,"SecondRound","OtherCollege","Eastern"
"313",634,43,"SecondRound","OtherCollege","Western"
"315",395,45,"SecondRound","PowerSchool","Western"
"316",15349,46,"SecondRound","OtherCollege","Eastern"
"317",1248,47,"SecondRound","OtherCollege","Western"
"320",7,50,"SecondRound","OtherCollege","Western"
"321",4726,51,"SecondRound","OtherCollege","Western"
"322",4951,52,"SecondRound","OtherCollege","Western"
"324",3280,54,"SecondRound","NonCollegiate","Western"
"325",27022,1,"Top5","OtherCollege","Western"
"326",28053,2,"Top5","OtherCollege","Western"
"327",30222,3,"Top5","OtherCollege","Eastern"
"328",36243,4,"Top5","OtherCollege","Eastern"
"329",50418,5,"Top5","NonCollegiate","Western"
"330",12071,6,"Lottery","OtherCollege","Western"
"331",29106,7,"Lottery","OtherCollege","Eastern"
"332",2350,8,"Lottery","OtherCollege","Western"
"333",2062,9,"Lottery","PowerSchool","Eastern"
"334",27160,10,"Lottery","OtherCollege","Eastern"
"335",9866,11,"Lottery","OtherCollege","Eastern"
"336",7459,12,"Lottery","PowerSchool","Western"
"337",18749,13,"Lottery","OtherCollege","Western"
"338",15731,14,"Lottery","OtherCollege","Eastern"
"339",23643,15,"MidtoLateFirst","OtherCollege","Western"
"340",13780,16,"MidtoLateFirst","PowerSchool","Eastern"
"341",15597,17,"MidtoLateFirst","OtherCollege","Eastern"
"342",20500,18,"MidtoLateFirst","OtherCollege","Eastern"
"343",405,19,"MidtoLateFirst","OtherCollege","Eastern"
"344",9045,20,"MidtoLateFirst","OtherCollege","Eastern"
"345",37996,21,"MidtoLateFirst","OtherCollege","Western"
"346",1328,22,"MidtoLateFirst","PowerSchool","Western"
"347",15150,23,"MidtoLateFirst","OtherCollege","Eastern"
"348",2044,24,"MidtoLateFirst","OtherCollege","Western"
"349",1156,25,"MidtoLateFirst","OtherCollege","Eastern"
"350",139,26,"MidtoLateFirst","OtherCollege","Western"
"351",606,27,"MidtoLateFirst","OtherCollege","Western"
"352",14753,28,"MidtoLateFirst","PowerSchool","Western"
"353",4847,29,"MidtoLateFirst","OtherCollege","Western"
"354",479,30,"MidtoLateFirst","OtherCollege","Eastern"
"355",598,31,"SecondRound","NonCollegiate","Eastern"
"356",405,32,"SecondRound","OtherCollege","Eastern"
"357",495,33,"SecondRound","OtherCollege","Eastern"
"358",9847,34,"SecondRound","OtherCollege","Western"
"359",890,35,"SecondRound","OtherCollege","Eastern"
"360",1814,36,"SecondRound","OtherCollege","Western"
"361",79,37,"SecondRound","OtherCollege","Western"
"363",919,39,"SecondRound","PowerSchool","Eastern"
"364",122,40,"SecondRound","OtherCollege","Western"
"366",195,42,"SecondRound","OtherCollege","Eastern"
"367",23132,43,"SecondRound","OtherCollege","Eastern"
"371",4743,47,"SecondRound","PowerSchool","Western"
"372",3681,48,"SecondRound","OtherCollege","Western"
"373",1305,49,"SecondRound","OtherCollege","Western"
"374",239,50,"SecondRound","OtherCollege","Western"
"376",9978,52,"SecondRound","OtherCollege","Eastern"
"379",4,55,"SecondRound","OtherCollege","Western"
"380",4505,56,"SecondRound","OtherCollege","Western"
"381",32,57,"SecondRound","OtherCollege","Eastern"
"382",5374,58,"SecondRound","OtherCollege","Eastern"
"383",37584,1,"Top5","OtherCollege","Eastern"
"384",28684,2,"Top5","OtherCollege","Eastern"
"385",28882,3,"Top5","OtherCollege","Western"
"386",31891,4,"Top5","OtherCollege","Eastern"
"387",46344,5,"Top5","PowerSchool","Western"
"388",31531,6,"Lottery","PowerSchool","Eastern"
"389",18535,7,"Lottery","OtherCollege","Western"
"390",16929,8,"Lottery","PowerSchool","Eastern"
"391",7612,9,"Lottery","PowerSchool","Western"
"392",24003,10,"Lottery","OtherCollege","Eastern"
"393",2500,11,"Lottery","OtherCollege","Western"
"394",11608,12,"Lottery","OtherCollege","Eastern"
"395",48637,13,"Lottery","NonCollegiate","Western"
"396",26966,14,"Lottery","NonCollegiate","Western"
"397",38069,15,"MidtoLateFirst","OtherCollege","Western"
"398",11702,16,"MidtoLateFirst","PowerSchool","Western"
"399",27364,17,"MidtoLateFirst","NonCollegiate","Western"
"400",6143,18,"MidtoLateFirst","OtherCollege","Eastern"
"401",10374,19,"MidtoLateFirst","PowerSchool","Eastern"
"402",22965,20,"MidtoLateFirst","NonCollegiate","Eastern"
"403",91,21,"MidtoLateFirst","OtherCollege","Eastern"
"404",2309,22,"MidtoLateFirst","OtherCollege","Western"
"405",144,23,"MidtoLateFirst","NonCollegiate","Western"
"406",32719,24,"MidtoLateFirst","OtherCollege","Western"
"407",951,25,"MidtoLateFirst","NonCollegiate","Western"
"408",12755,26,"MidtoLateFirst","OtherCollege","Eastern"
"409",1097,27,"MidtoLateFirst","PowerSchool","Eastern"
"410",525,28,"MidtoLateFirst","OtherCollege","Eastern"
"411",4566,29,"MidtoLateFirst","PowerSchool","Eastern"
"412",13924,30,"MidtoLateFirst","OtherCollege","Western"
"413",1508,31,"SecondRound","OtherCollege","Eastern"
"415",7640,33,"SecondRound","OtherCollege","Eastern"
"419",15927,37,"SecondRound","OtherCollege","Western"
"420",268,38,"SecondRound","OtherCollege","Eastern"
"423",108,41,"SecondRound","OtherCollege","Western"
"424",2684,42,"SecondRound","OtherCollege","Western"
"425",154,43,"SecondRound","OtherCollege","Western"
"426",13404,44,"SecondRound","OtherCollege","Western"
"428",229,46,"SecondRound","OtherCollege","Western"
"430",4316,48,"SecondRound","OtherCollege","Eastern"
"431",968,49,"SecondRound","OtherCollege","Eastern"
"433",1095,51,"SecondRound","OtherCollege","Western"
"434",1634,52,"SecondRound","PowerSchool","Eastern"
"435",48,53,"SecondRound","OtherCollege","Eastern"
"436",15946,54,"SecondRound","OtherCollege","Western"
"438",931,56,"SecondRound","OtherCollege","Eastern"
"439",598,57,"SecondRound","OtherCollege","Western"
"441",47368,1,"Top5","OtherCollege","Western"
"442",18150,2,"Top5","OtherCollege","Eastern"
"443",33008,3,"Top5","OtherCollege","Eastern"
"444",19671,4,"Top5","OtherCollege","Western"
"445",17649,5,"Top5","OtherCollege","Western"
"446",13418,6,"Lottery","PowerSchool","Eastern"
"447",21336,7,"Lottery","PowerSchool","Eastern"
"448",13060,8,"Lottery","OtherCollege","Western"
"449",30658,9,"Lottery","NonCollegiate","Eastern"
"450",8832,10,"Lottery","PowerSchool","Eastern"
"451",4807,11,"Lottery","OtherCollege","Western"
"452",11480,12,"Lottery","OtherCollege","Eastern"
"453",17975,13,"Lottery","PowerSchool","Eastern"
"454",13324,14,"Lottery","OtherCollege","Western"
"455",10617,15,"MidtoLateFirst","OtherCollege","Western"
"456",18176,16,"MidtoLateFirst","OtherCollege","Eastern"
"457",866,17,"MidtoLateFirst","OtherCollege","Eastern"
"458",2157,18,"MidtoLateFirst","NonCollegiate","Western"
"459",8372,19,"MidtoLateFirst","PowerSchool","Eastern"
"460",111,20,"MidtoLateFirst","OtherCollege","Western"
"461",13752,21,"MidtoLateFirst","OtherCollege","Eastern"
"462",809,22,"MidtoLateFirst","OtherCollege","Eastern"
"463",16790,23,"MidtoLateFirst","OtherCollege","Western"
"464",1234,24,"MidtoLateFirst","OtherCollege","Western"
"465",2253,25,"MidtoLateFirst","OtherCollege","Eastern"
"466",1973,26,"MidtoLateFirst","OtherCollege","Eastern"
"467",12658,27,"MidtoLateFirst","PowerSchool","Western"
"468",449,28,"MidtoLateFirst","OtherCollege","Eastern"
"471",399,31,"SecondRound","PowerSchool","Eastern"
"472",92,32,"SecondRound","OtherCollege","Western"
"473",216,33,"SecondRound","NonCollegiate","Eastern"
"474",395,34,"SecondRound","OtherCollege","Western"
"475",110,35,"SecondRound","OtherCollege","Eastern"
"476",103,36,"SecondRound","OtherCollege","Eastern"
"477",7572,37,"SecondRound","OtherCollege","Western"
"478",632,38,"SecondRound","OtherCollege","Eastern"
"479",15552,39,"SecondRound","OtherCollege","Western"
"481",80,41,"SecondRound","PowerSchool","Western"
"482",27398,42,"SecondRound","OtherCollege","Western"
"484",6182,44,"SecondRound","OtherCollege","Eastern"
"485",146,45,"SecondRound","OtherCollege","Eastern"
"486",2300,46,"SecondRound","OtherCollege","Eastern"
"487",12610,47,"SecondRound","PowerSchool","Western"
"488",5542,48,"SecondRound","NonCollegiate","Eastern"
"490",3985,50,"SecondRound","OtherCollege","Eastern"
"491",740,51,"SecondRound","PowerSchool","Western"
"494",13981,54,"SecondRound","OtherCollege","Western"
"498",13129,1,"Top5","OtherCollege","Western"
"499",33962,2,"Top5","OtherCollege","Western"
"500",14545,3,"Top5","PowerSchool","Western"
"501",37638,4,"Top5","OtherCollege","Eastern"
"502",46367,5,"Top5","OtherCollege","Western"
"503",6243,6,"Lottery","OtherCollege","Western"
"504",23188,7,"Lottery","OtherCollege","Western"
"505",22368,8,"Lottery","OtherCollege","Eastern"
"506",51368,9,"Lottery","NonCollegiate","Eastern"
"507",45880,10,"Lottery","PowerSchool","Eastern"
"508",15133,11,"Lottery","OtherCollege","Eastern"
"509",8789,12,"Lottery","OtherCollege","Eastern"
"510",7971,13,"Lottery","OtherCollege","Eastern"
"511",7490,14,"Lottery","OtherCollege","Western"
"512",17584,15,"MidtoLateFirst","OtherCollege","Eastern"
"513",3970,16,"MidtoLateFirst","OtherCollege","Western"
"514",17983,17,"MidtoLateFirst","NonCollegiate","Western"
"515",90,18,"MidtoLateFirst","NonCollegiate","Western"
"516",11062,19,"MidtoLateFirst","OtherCollege","Eastern"
"517",2130,20,"MidtoLateFirst","PowerSchool","Eastern"
"518",21927,21,"MidtoLateFirst","OtherCollege","Western"
"519",10910,22,"MidtoLateFirst","OtherCollege","Western"
"520",12564,23,"MidtoLateFirst","OtherCollege","Western"
"521",4145,24,"MidtoLateFirst","OtherCollege","Western"
"522",28009,25,"MidtoLateFirst","NonCollegiate","Eastern"
"523",752,26,"MidtoLateFirst","OtherCollege","Western"
"524",3726,27,"MidtoLateFirst","NonCollegiate","Western"
"525",2191,28,"MidtoLateFirst","OtherCollege","Eastern"
"526",15891,29,"MidtoLateFirst","PowerSchool","Western"
"527",1301,30,"MidtoLateFirst","OtherCollege","Western"
"528",15955,31,"SecondRound","PowerSchool","Western"
"529",33541,32,"SecondRound","NonCollegiate","Western"
"530",3824,33,"SecondRound","PowerSchool","Western"
"531",5351,34,"SecondRound","OtherCollege","Eastern"
"532",524,35,"SecondRound","NonCollegiate","Western"
"533",4771,36,"SecondRound","OtherCollege","Western"
"534",14,37,"SecondRound","OtherCollege","Eastern"
"535",37,38,"SecondRound","OtherCollege","Eastern"
"536",19392,39,"SecondRound","OtherCollege","Eastern"
"537",15,40,"SecondRound","NonCollegiate","Eastern"
"538",27618,41,"SecondRound","OtherCollege","Western"
"539",19,42,"SecondRound","OtherCollege","Eastern"
"540",5913,43,"SecondRound","OtherCollege","Eastern"
"541",2275,44,"SecondRound","OtherCollege","Eastern"
"542",698,45,"SecondRound","PowerSchool","Western"
"543",304,46,"SecondRound","PowerSchool","Western"
"544",3,47,"SecondRound","OtherCollege","Eastern"
"545",397,48,"SecondRound","OtherCollege","Eastern"
"546",624,49,"SecondRound","OtherCollege","Eastern"
"549",687,52,"SecondRound","OtherCollege","Western"
"550",10895,53,"SecondRound","OtherCollege","Western"
"551",1233,54,"SecondRound","OtherCollege","Western"
"552",6502,55,"SecondRound","OtherCollege","Western"
"553",331,56,"SecondRound","PowerSchool","Western"
"554",178,57,"SecondRound","OtherCollege","Western"
"555",831,58,"SecondRound","OtherCollege","Eastern"
"556",34910,1,"Top5","PowerSchool","Eastern"
"557",21632,2,"Top5","OtherCollege","Western"
"558",28592,3,"Top5","PowerSchool","Western"
"559",32131,4,"Top5","OtherCollege","Western"
"560",3847,5,"Top5","NonCollegiate","Eastern"
"561",20052,6,"Lottery","OtherCollege","Western"
"562",29559,7,"Lottery","PowerSchool","Eastern"
"563",40268,8,"Lottery","OtherCollege","Eastern"
"564",40097,9,"Lottery","OtherCollege","Western"
"565",42034,10,"Lottery","OtherCollege","Eastern"
"566",1738,11,"Lottery","PowerSchool","Eastern"
"567",152,12,"Lottery","OtherCollege","Eastern"
"568",23358,13,"Lottery","PowerSchool","Western"
"569",1205,14,"Lottery","PowerSchool","Western"
"571",31440,16,"MidtoLateFirst","OtherCollege","Eastern"
"572",1383,17,"MidtoLateFirst","OtherCollege","Eastern"
"573",23260,18,"MidtoLateFirst","OtherCollege","Western"
"574",1853,19,"MidtoLateFirst","OtherCollege","Western"
"575",6132,20,"MidtoLateFirst","OtherCollege","Eastern"
"576",15750,21,"MidtoLateFirst","OtherCollege","Western"
"577",17306,22,"MidtoLateFirst","OtherCollege","Western"
"578",11682,23,"MidtoLateFirst","OtherCollege","Western"
"579",23916,24,"MidtoLateFirst","NonCollegiate","Western"
"580",261,25,"MidtoLateFirst","OtherCollege","Eastern"
"581",3789,26,"MidtoLateFirst","OtherCollege","Eastern"
"582",9780,27,"MidtoLateFirst","OtherCollege","Eastern"
"583",5613,28,"MidtoLateFirst","PowerSchool","Western"
"584",104,29,"MidtoLateFirst","NonCollegiate","Western"
"585",185,30,"MidtoLateFirst","PowerSchool","Western"
"587",5966,32,"SecondRound","OtherCollege","Eastern"
"588",1005,33,"SecondRound","OtherCollege","Western"
"589",2138,34,"SecondRound","OtherCollege","Eastern"
"590",4477,35,"SecondRound","OtherCollege","Eastern"
"591",1256,36,"SecondRound","NonCollegiate","Western"
"592",1516,37,"SecondRound","OtherCollege","Western"
"593",1537,38,"SecondRound","OtherCollege","Eastern"
"594",61,39,"SecondRound","OtherCollege","Eastern"
"595",8824,40,"SecondRound","NonCollegiate","Western"
"596",7207,41,"SecondRound","OtherCollege","Western"
"598",5820,43,"SecondRound","OtherCollege","Western"
"600",25,45,"SecondRound","PowerSchool","Western"
"602",3439,47,"SecondRound","OtherCollege","Eastern"
"604",139,49,"SecondRound","OtherCollege","Eastern"
"608",4182,53,"SecondRound","OtherCollege","Eastern"
"611",137,56,"SecondRound","OtherCollege","Western"
"612",26859,57,"SecondRound","NonCollegiate","Western"
"614",23134,1,"Top5","PowerSchool","Eastern"
"615",10804,2,"Top5","OtherCollege","Western"
"616",11730,3,"Top5","NonCollegiate","Western"
"617",6032,4,"Top5","OtherCollege","Eastern"
"618",27812,5,"Top5","OtherCollege","Eastern"
"619",5930,6,"Lottery","PowerSchool","Eastern"
"620",8758,7,"Lottery","OtherCollege","Eastern"
"621",38994,8,"Lottery","OtherCollege","Eastern"
"622",11733,9,"Lottery","OtherCollege","Western"
"623",14134,10,"Lottery","OtherCollege","Eastern"
"624",1392,11,"Lottery","PowerSchool","Eastern"
"625",7084,12,"Lottery","OtherCollege","Western"
"626",4067,13,"Lottery","OtherCollege","Eastern"
"627",1863,14,"Lottery","OtherCollege","Eastern"
"628",2178,15,"MidtoLateFirst","OtherCollege","Eastern"
"629",26695,16,"MidtoLateFirst","NonCollegiate","Western"
"630",19641,17,"MidtoLateFirst","OtherCollege","Western"
"631",20785,18,"MidtoLateFirst","OtherCollege","Western"
"632",14621,19,"MidtoLateFirst","PowerSchool","Western"
"633",8548,20,"MidtoLateFirst","OtherCollege","Eastern"
"634",19366,21,"MidtoLateFirst","OtherCollege","Eastern"
"635",3318,22,"MidtoLateFirst","OtherCollege","Eastern"
"636",18396,23,"MidtoLateFirst","NonCollegiate","Western"
"637",973,24,"MidtoLateFirst","NonCollegiate","Eastern"
"638",5005,25,"MidtoLateFirst","NonCollegiate","Western"
"639",858,26,"MidtoLateFirst","OtherCollege","Western"
"640",6192,27,"MidtoLateFirst","NonCollegiate","Eastern"
"641",266,28,"MidtoLateFirst","OtherCollege","Western"
"642",5335,29,"MidtoLateFirst","OtherCollege","Western"
"643",11246,30,"MidtoLateFirst","NonCollegiate","Western"
"644",1253,31,"SecondRound","OtherCollege","Western"
"645",1246,32,"SecondRound","PowerSchool","Eastern"
"646",6443,33,"SecondRound","PowerSchool","Eastern"
"647",936,34,"SecondRound","PowerSchool","Eastern"
"648",180,35,"SecondRound","OtherCollege","Eastern"
"649",303,36,"SecondRound","NonCollegiate","Eastern"
"650",12405,37,"SecondRound","OtherCollege","Eastern"
"651",11213,38,"SecondRound","OtherCollege","Western"
"652",446,39,"SecondRound","OtherCollege","Eastern"
"653",2360,40,"SecondRound","OtherCollege","Eastern"
"655",587,42,"SecondRound","NonCollegiate","Western"
"656",20104,43,"SecondRound","OtherCollege","Eastern"
"657",6477,44,"SecondRound","OtherCollege","Eastern"
"658",1063,45,"SecondRound","OtherCollege","Western"
"662",5289,49,"SecondRound","OtherCollege","Eastern"
"663",85,50,"SecondRound","OtherCollege","Western"
"664",244,51,"SecondRound","NonCollegiate","Western"
"665",21,52,"SecondRound","OtherCollege","Eastern"
"666",58,53,"SecondRound","OtherCollege","Western"
"668",1147,55,"SecondRound","OtherCollege","Western"
"672",13389,1,"Top5","NonCollegiate","Eastern"
"673",31617,2,"Top5","NonCollegiate","Western"
"674",41001,3,"Top5","NonCollegiate","Eastern"
"675",13109,4,"Top5","NonCollegiate","Eastern"
"676",29241,5,"Top5","OtherCollege","Western"
"677",30004,6,"Lottery","PowerSchool","Western"
"678",6729,7,"Lottery","OtherCollege","Eastern"
"679",8403,8,"Lottery","NonCollegiate","Eastern"
"680",3354,9,"Lottery","OtherCollege","Eastern"
"681",44236,10,"Lottery","OtherCollege","Eastern"
"682",1935,11,"Lottery","OtherCollege","Eastern"
"683",16164,12,"Lottery","NonCollegiate","Western"
"684",34293,13,"Lottery","OtherCollege","Western"
"685",19921,14,"Lottery","OtherCollege","Western"
"686",5993,15,"MidtoLateFirst","OtherCollege","Eastern"
"687",134,16,"MidtoLateFirst","PowerSchool","Western"
"688",2016,17,"MidtoLateFirst","PowerSchool","Eastern"
"689",14974,18,"MidtoLateFirst","OtherCollege","Western"
"690",34616,19,"MidtoLateFirst","OtherCollege","Western"
"691",18680,20,"MidtoLateFirst","OtherCollege","Eastern"
"692",125,21,"MidtoLateFirst","OtherCollege","Eastern"
"693",1061,22,"MidtoLateFirst","OtherCollege","Eastern"
"694",699,23,"MidtoLateFirst","OtherCollege","Western"
"695",2135,24,"MidtoLateFirst","NonCollegiate","Western"
"696",24731,25,"MidtoLateFirst","OtherCollege","Western"
"697",21646,26,"MidtoLateFirst","OtherCollege","Eastern"
"698",14443,27,"MidtoLateFirst","OtherCollege","Western"
"699",38279,28,"MidtoLateFirst","NonCollegiate","Western"
"700",16278,30,"MidtoLateFirst","OtherCollege","Eastern"
"701",19351,31,"SecondRound","OtherCollege","Western"
"702",213,32,"SecondRound","OtherCollege","Eastern"
"703",1584,33,"SecondRound","OtherCollege","Western"
"704",1934,34,"SecondRound","OtherCollege","Eastern"
"705",6772,35,"SecondRound","OtherCollege","Eastern"
"706",270,36,"SecondRound","OtherCollege","Eastern"
"707",351,37,"SecondRound","OtherCollege","Eastern"
"708",18429,38,"SecondRound","NonCollegiate","Eastern"
"710",19494,40,"SecondRound","PowerSchool","Western"
"711",468,41,"SecondRound","OtherCollege","Eastern"
"712",11513,42,"SecondRound","OtherCollege","Western"
"715",550,45,"SecondRound","OtherCollege","Eastern"
"716",2428,46,"SecondRound","OtherCollege","Western"
"718",320,48,"SecondRound","NonCollegiate","Western"
"719",156,49,"SecondRound","OtherCollege","Eastern"
"720",276,50,"SecondRound","OtherCollege","Western"
"721",524,51,"SecondRound","OtherCollege","Western"
"723",8542,53,"SecondRound","OtherCollege","Western"
"724",1062,54,"SecondRound","PowerSchool","Western"
"727",126,57,"SecondRound","OtherCollege","Eastern"
"729",15818,1,"Top5","NonCollegiate","Western"
"730",1961,2,"Top5","PowerSchool","Eastern"
"731",27340,3,"Top5","PowerSchool","Western"
"732",20127,4,"Top5","PowerSchool","Western"
"733",1946,5,"Top5","NonCollegiate","Western"
"734",2202,6,"Lottery","OtherCollege","Eastern"
"735",25237,7,"Lottery","NonCollegiate","Eastern"
"736",12474,8,"Lottery","OtherCollege","Western"
"737",26254,9,"Lottery","NonCollegiate","Western"
"738",28333,10,"Lottery","PowerSchool","Eastern"
"739",13579,11,"Lottery","PowerSchool","Eastern"
"740",6005,12,"Lottery","OtherCollege","Western"
"741",854,13,"Lottery","OtherCollege","Eastern"
"742",10299,14,"Lottery","OtherCollege","Eastern"
"743",5628,15,"MidtoLateFirst","NonCollegiate","Western"
"744",4596,16,"MidtoLateFirst","NonCollegiate","Eastern"
"745",8509,17,"MidtoLateFirst","OtherCollege","Eastern"
"746",1117,18,"MidtoLateFirst","OtherCollege","Eastern"
"747",772,19,"MidtoLateFirst","OtherCollege","Western"
"748",5956,20,"MidtoLateFirst","OtherCollege","Eastern"
"749",2060,21,"MidtoLateFirst","OtherCollege","Western"
"750",5320,22,"MidtoLateFirst","OtherCollege","Western"
"751",31576,23,"MidtoLateFirst","PowerSchool","Eastern"
"752",10547,24,"MidtoLateFirst","NonCollegiate","Eastern"
"753",952,25,"MidtoLateFirst","OtherCollege","Western"
"754",23672,26,"MidtoLateFirst","OtherCollege","Western"
"755",861,27,"MidtoLateFirst","OtherCollege","Western"
"756",4617,28,"MidtoLateFirst","OtherCollege","Western"
"758",9147,31,"SecondRound","OtherCollege","Eastern"
"759",328,32,"SecondRound","OtherCollege","Western"
"760",1381,33,"SecondRound","OtherCollege","Western"
"761",7793,34,"SecondRound","PowerSchool","Eastern"
"762",26901,35,"SecondRound","PowerSchool","Eastern"
"764",1264,37,"SecondRound","NonCollegiate","Eastern"
"765",35,38,"SecondRound","OtherCollege","Western"
"767",2117,40,"SecondRound","NonCollegiate","Eastern"
"768",569,41,"SecondRound","NonCollegiate","Western"
"769",11077,42,"SecondRound","OtherCollege","Eastern"
"771",1884,44,"SecondRound","OtherCollege","Eastern"
"773",21967,46,"SecondRound","PowerSchool","Western"
"774",631,47,"SecondRound","OtherCollege","Western"
"775",6,48,"SecondRound","OtherCollege","Eastern"
"777",9229,50,"SecondRound","OtherCollege","Eastern"
"780",17219,53,"SecondRound","OtherCollege","Eastern"
"781",517,54,"SecondRound","OtherCollege","Eastern"
"783",19001,56,"SecondRound","NonCollegiate","Western"
"784",11,57,"SecondRound","OtherCollege","Western"
"785",110,58,"SecondRound","OtherCollege","Western"
"786",52139,1,"Top5","NonCollegiate","Eastern"
"787",8638,2,"Top5","NonCollegiate","Eastern"
"788",43514,3,"Top5","OtherCollege","Western"
"789",31936,4,"Top5","OtherCollege","Eastern"
"790",35773,5,"Top5","OtherCollege","Eastern"
"791",19642,6,"Lottery","OtherCollege","Western"
"792",27015,7,"Lottery","PowerSchool","Eastern"
"793",11882,8,"Lottery","OtherCollege","Eastern"
"794",3610,9,"Lottery","OtherCollege","Eastern"
"795",9898,10,"Lottery","OtherCollege","Eastern"
"796",11950,11,"Lottery","NonCollegiate","Western"
"797",18603,12,"Lottery","PowerSchool","Western"
"798",5571,13,"Lottery","OtherCollege","Western"
"799",21623,14,"Lottery","OtherCollege","Western"
"800",605,15,"MidtoLateFirst","PowerSchool","Eastern"
"801",34,16,"MidtoLateFirst","OtherCollege","Eastern"
"802",1550,17,"MidtoLateFirst","NonCollegiate","Western"
"803",29144,18,"MidtoLateFirst","OtherCollege","Western"
"804",8888,19,"MidtoLateFirst","NonCollegiate","Western"
"805",9799,20,"MidtoLateFirst","PowerSchool","Eastern"
"806",28768,21,"MidtoLateFirst","NonCollegiate","Eastern"
"807",1584,22,"MidtoLateFirst","NonCollegiate","Eastern"
"808",13026,23,"MidtoLateFirst","NonCollegiate","Western"
"809",5649,24,"MidtoLateFirst","OtherCollege","Western"
"810",11580,25,"MidtoLateFirst","NonCollegiate","Eastern"
"811",86,26,"MidtoLateFirst","NonCollegiate","Western"
"812",17162,27,"MidtoLateFirst","NonCollegiate","Western"
"813",18386,28,"MidtoLateFirst","NonCollegiate","Western"
"814",15350,29,"MidtoLateFirst","OtherCollege","Western"
"815",632,30,"MidtoLateFirst","NonCollegiate","Eastern"
"816",9068,31,"SecondRound","PowerSchool","Eastern"
"817",9685,32,"SecondRound","OtherCollege","Western"
"818",5,33,"SecondRound","OtherCollege","Eastern"
"822",507,37,"SecondRound","OtherCollege","Eastern"
"823",20823,38,"SecondRound","OtherCollege","Eastern"
"824",3,39,"SecondRound","NonCollegiate","Eastern"
"825",32,40,"SecondRound","OtherCollege","Western"
"826",14783,41,"SecondRound","OtherCollege","Western"
"827",22240,42,"SecondRound","NonCollegiate","Eastern"
"828",14527,43,"SecondRound","PowerSchool","Eastern"
"830",13356,45,"SecondRound","OtherCollege","Eastern"
"832",23872,47,"SecondRound","OtherCollege","Western"
"833",55,48,"SecondRound","NonCollegiate","Western"
"834",11098,49,"SecondRound","OtherCollege","Eastern"
"836",31183,51,"SecondRound","OtherCollege","Eastern"
"841",630,56,"SecondRound","OtherCollege","Eastern"
"843",81,58,"SecondRound","NonCollegiate","Eastern"
"844",39457,1,"Top5","NonCollegiate","Eastern"
"845",19055,2,"Top5","PowerSchool","Eastern"
"846",20366,3,"Top5","PowerSchool","Eastern"
"847",17188,4,"Top5","NonCollegiate","Western"
"848",23963,5,"Top5","OtherCollege","Eastern"
"849",10432,6,"Lottery","OtherCollege","Eastern"
"850",30941,7,"Lottery","PowerSchool","Western"
"851",1585,8,"Lottery","OtherCollege","Eastern"
"852",39394,9,"Lottery","OtherCollege","Eastern"
"853",724,10,"Lottery","OtherCollege","Eastern"
"854",11146,11,"Lottery","NonCollegiate","Western"
"855",1500,12,"Lottery","NonCollegiate","Western"
"856",12149,13,"Lottery","NonCollegiate","Western"
"857",14232,14,"Lottery","OtherCollege","Western"
"858",26299,15,"MidtoLateFirst","NonCollegiate","Eastern"
"859",3540,16,"MidtoLateFirst","OtherCollege","Western"
"860",29000,17,"MidtoLateFirst","NonCollegiate","Eastern"
"861",26275,18,"MidtoLateFirst","NonCollegiate","Western"
"862",12280,19,"MidtoLateFirst","NonCollegiate","Eastern"
"863",24539,20,"MidtoLateFirst","OtherCollege","Western"
"864",28,21,"MidtoLateFirst","NonCollegiate","Western"
"865",2351,22,"MidtoLateFirst","NonCollegiate","Eastern"
"866",343,23,"MidtoLateFirst","NonCollegiate","Western"
"867",11842,24,"MidtoLateFirst","OtherCollege","Eastern"
"868",18055,25,"MidtoLateFirst","OtherCollege","Eastern"
"869",21559,26,"MidtoLateFirst","OtherCollege","Western"
"870",8908,27,"MidtoLateFirst","NonCollegiate","Western"
"871",18185,28,"MidtoLateFirst","NonCollegiate","Western"
"872",2686,29,"MidtoLateFirst","OtherCollege","Eastern"
"873",15087,30,"MidtoLateFirst","NonCollegiate","Eastern"
"874",1111,31,"SecondRound","OtherCollege","Eastern"
"875",20,32,"SecondRound","NonCollegiate","Eastern"
"876",433,33,"SecondRound","OtherCollege","Western"
"877",560,34,"SecondRound","OtherCollege","Eastern"
"878",73,35,"SecondRound","OtherCollege","Western"
"879",789,36,"SecondRound","OtherCollege","Eastern"
"880",6162,37,"SecondRound","OtherCollege","Eastern"
"881",15526,38,"SecondRound","PowerSchool","Eastern"
"883",1436,40,"SecondRound","OtherCollege","Eastern"
"886",32953,43,"SecondRound","PowerSchool","Eastern"
"888",1909,45,"SecondRound","OtherCollege","Eastern"
"889",316,46,"SecondRound","NonCollegiate","Western"
"890",879,47,"SecondRound","OtherCollege","Eastern"
"893",272,50,"SecondRound","NonCollegiate","Western"
"896",588,53,"SecondRound","OtherCollege","Eastern"
"898",77,55,"SecondRound","OtherCollege","Western"
"903",19862,1,"Top5","OtherCollege","Eastern"
"904",30159,2,"Top5","OtherCollege","Eastern"
"905",28865,3,"Top5","OtherCollege","Western"
"906",39896,4,"Top5","OtherCollege","Western"
"907",28829,5,"Top5","OtherCollege","Eastern"
"908",13914,6,"Lottery","NonCollegiate","Western"
"909",13578,7,"Lottery","PowerSchool","Eastern"
"910",19772,8,"Lottery","OtherCollege","Eastern"
"911",2795,9,"Lottery","OtherCollege","Western"
"912",10690,10,"Lottery","NonCollegiate","Western"
"914",168,12,"Lottery","NonCollegiate","Western"
"915",1868,13,"Lottery","OtherCollege","Eastern"
"916",5037,14,"Lottery","OtherCollege","Western"
"917",5714,15,"MidtoLateFirst","OtherCollege","Eastern"
"918",6117,16,"MidtoLateFirst","OtherCollege","Eastern"
"919",18487,17,"MidtoLateFirst","OtherCollege","Eastern"
"920",13026,18,"MidtoLateFirst","NonCollegiate","Eastern"
"921",10624,19,"MidtoLateFirst","OtherCollege","Western"
"922",98,20,"MidtoLateFirst","OtherCollege","Western"
"923",13878,21,"MidtoLateFirst","OtherCollege","Western"
"924",24140,22,"MidtoLateFirst","OtherCollege","Western"
"925",11853,23,"MidtoLateFirst","PowerSchool","Western"
"926",7797,24,"MidtoLateFirst","OtherCollege","Western"
"927",7262,25,"MidtoLateFirst","NonCollegiate","Western"
"928",11379,26,"MidtoLateFirst","PowerSchool","Eastern"
"929",8185,27,"MidtoLateFirst","OtherCollege","Western"
"930",10353,28,"MidtoLateFirst","NonCollegiate","Western"
"931",507,29,"MidtoLateFirst","PowerSchool","Eastern"
"932",24293,30,"MidtoLateFirst","OtherCollege","Eastern"
"933",2672,31,"SecondRound","OtherCollege","Eastern"
"934",1683,32,"SecondRound","PowerSchool","Western"
"935",16410,33,"SecondRound","OtherCollege","Western"
"936",17284,34,"SecondRound","NonCollegiate","Western"
"938",18957,36,"SecondRound","NonCollegiate","Eastern"
"939",8020,37,"SecondRound","OtherCollege","Western"
"940",2660,38,"SecondRound","OtherCollege","Eastern"
"941",2475,39,"SecondRound","OtherCollege","Western"
"942",29011,40,"SecondRound","NonCollegiate","Western"
"943",987,41,"SecondRound","NonCollegiate","Eastern"
"944",144,42,"SecondRound","OtherCollege","Western"
"945",6,43,"SecondRound","NonCollegiate","Eastern"
"946",9,44,"SecondRound","NonCollegiate","Eastern"
"947",27104,45,"SecondRound","NonCollegiate","Eastern"
"949",325,47,"SecondRound","PowerSchool","Western"
"950",2348,48,"SecondRound","NonCollegiate","Western"
"951",12462,49,"SecondRound","NonCollegiate","Eastern"
"952",13463,50,"SecondRound","OtherCollege","Eastern"
"953",212,51,"SecondRound","OtherCollege","Western"
"955",1555,53,"SecondRound","OtherCollege","Eastern"
"956",93,54,"SecondRound","PowerSchool","Eastern"
"957",1150,55,"SecondRound","OtherCollege","Western"
"958",18323,56,"SecondRound","NonCollegiate","Eastern"
"959",20691,57,"SecondRound","NonCollegiate","Western"
"960",72,58,"SecondRound","NonCollegiate","Eastern"
"962",234,60,"SecondRound","OtherCollege","Eastern"
"963",15806,1,"Top5","NonCollegiate","Eastern"
"964",36242,2,"Top5","OtherCollege","Eastern"
"965",3278,3,"Top5","OtherCollege","Eastern"
"966",7932,4,"Top5","OtherCollege","Western"
"967",5586,5,"Top5","PowerSchool","Eastern"
"968",11561,6,"Lottery","OtherCollege","Western"
"969",19279,7,"Lottery","PowerSchool","Eastern"
"970",33745,8,"Lottery","PowerSchool","Western"
"971",524,9,"Lottery","OtherCollege","Western"
"972",260,10,"Lottery","NonCollegiate","Western"
"973",23964,11,"Lottery","PowerSchool","Eastern"
"974",3378,12,"Lottery","PowerSchool","Western"
"975",19062,13,"Lottery","NonCollegiate","Eastern"
"976",11539,14,"Lottery","OtherCollege","Western"
"977",705,15,"MidtoLateFirst","OtherCollege","Western"
"978",4600,16,"MidtoLateFirst","OtherCollege","Eastern"
"979",5368,17,"MidtoLateFirst","OtherCollege","Eastern"
"980",1044,18,"MidtoLateFirst","NonCollegiate","Eastern"
"981",1535,19,"MidtoLateFirst","OtherCollege","Western"
"982",3064,20,"MidtoLateFirst","OtherCollege","Eastern"
"983",28570,21,"MidtoLateFirst","PowerSchool","Western"
"984",3095,22,"MidtoLateFirst","PowerSchool","Eastern"
"985",4482,23,"MidtoLateFirst","PowerSchool","Eastern"
"986",32613,24,"MidtoLateFirst","PowerSchool","Western"
"987",7329,25,"MidtoLateFirst","OtherCollege","Eastern"
"988",9840,26,"MidtoLateFirst","PowerSchool","Western"
"989",5281,27,"MidtoLateFirst","NonCollegiate","Western"
"990",505,28,"MidtoLateFirst","OtherCollege","Western"
"991",2771,29,"MidtoLateFirst","OtherCollege","Eastern"
"992",1821,30,"MidtoLateFirst","NonCollegiate","Western"
"993",583,31,"SecondRound","PowerSchool","Western"
"994",5657,32,"SecondRound","OtherCollege","Western"
"995",3092,33,"SecondRound","OtherCollege","Eastern"
"996",702,34,"SecondRound","OtherCollege","Western"
"997",22529,35,"SecondRound","OtherCollege","Eastern"
"998",6826,36,"SecondRound","OtherCollege","Western"
"999",867,37,"SecondRound","OtherCollege","Western"
"1000",38,38,"SecondRound","NonCollegiate","Western"
"1001",792,39,"SecondRound","OtherCollege","Eastern"
"1003",156,41,"SecondRound","OtherCollege","Eastern"
"1004",9316,42,"SecondRound","OtherCollege","Eastern"
"1005",172,43,"SecondRound","NonCollegiate","Western"
"1007",1302,45,"SecondRound","OtherCollege","Eastern"
"1008",711,46,"SecondRound","OtherCollege","Western"
"1009",30499,47,"SecondRound","OtherCollege","Western"
"1011",3320,49,"SecondRound","OtherCollege","Western"
"1012",6134,50,"SecondRound","PowerSchool","Eastern"
"1013",114,51,"SecondRound","NonCollegiate","Western"
"1014",18,52,"SecondRound","OtherCollege","Western"
"1016",547,54,"SecondRound","OtherCollege","Eastern"
"1021",170,59,"SecondRound","NonCollegiate","Western"
"1022",166,60,"SecondRound","OtherCollege","Eastern"
"1023",2028,1,"Top5","OtherCollege","Western"
"1024",34509,2,"Top5","OtherCollege","Western"
"1025",30597,3,"Top5","OtherCollege","Eastern"
"1026",30619,4,"Top5","OtherCollege","Western"
"1027",30463,5,"Top5","OtherCollege","Eastern"
"1028",6038,6,"Lottery","NonCollegiate","Eastern"
"1029",18771,7,"Lottery","OtherCollege","Western"
"1030",6949,8,"Lottery","OtherCollege","Eastern"
"1031",18646,9,"Lottery","OtherCollege","Eastern"
"1032",15541,10,"Lottery","OtherCollege","Western"
"1033",2385,11,"Lottery","OtherCollege","Eastern"
"1034",31778,12,"Lottery","OtherCollege","Eastern"
"1035",3049,13,"Lottery","PowerSchool","Western"
"1036",8274,14,"Lottery","OtherCollege","Western"
"1037",17890,15,"MidtoLateFirst","OtherCollege","Eastern"
"1038",16419,16,"MidtoLateFirst","OtherCollege","Eastern"
"1039",1978,17,"MidtoLateFirst","OtherCollege","Eastern"
"1040",19548,18,"MidtoLateFirst","NonCollegiate","Western"
"1041",1853,19,"MidtoLateFirst","OtherCollege","Western"
"1042",10029,20,"MidtoLateFirst","OtherCollege","Eastern"
"1043",5993,21,"MidtoLateFirst","OtherCollege","Eastern"
"1044",20117,22,"MidtoLateFirst","OtherCollege","Eastern"
"1045",20287,23,"MidtoLateFirst","OtherCollege","Eastern"
"1046",5965,24,"MidtoLateFirst","NonCollegiate","Western"
"1047",361,25,"MidtoLateFirst","OtherCollege","Western"
"1048",13439,26,"MidtoLateFirst","OtherCollege","Western"
"1049",20829,27,"MidtoLateFirst","PowerSchool","Eastern"
"1050",6812,28,"MidtoLateFirst","NonCollegiate","Western"
"1051",426,29,"MidtoLateFirst","OtherCollege","Western"
"1053",11524,31,"SecondRound","OtherCollege","Western"
"1054",461,32,"SecondRound","OtherCollege","Eastern"
"1055",39,33,"SecondRound","OtherCollege","Western"
"1056",269,34,"SecondRound","OtherCollege","Western"
"1057",10865,35,"SecondRound","OtherCollege","Western"
"1058",433,36,"SecondRound","OtherCollege","Western"
"1059",8271,37,"SecondRound","PowerSchool","Western"
"1060",1107,38,"SecondRound","NonCollegiate","Eastern"
"1062",28,40,"SecondRound","NonCollegiate","Western"
"1063",780,41,"SecondRound","OtherCollege","Western"
"1064",37,42,"SecondRound","OtherCollege","Western"
"1068",303,46,"SecondRound","OtherCollege","Western"
"1069",5348,47,"SecondRound","OtherCollege","Eastern"
"1070",28719,48,"SecondRound","NonCollegiate","Western"
"1071",3851,49,"SecondRound","OtherCollege","Eastern"
"1073",0,51,"SecondRound","OtherCollege","Eastern"
"1074",74,52,"SecondRound","OtherCollege","Western"
"1075",58,53,"SecondRound","OtherCollege","Western"
"1078",16119,56,"SecondRound","OtherCollege","Eastern"
"1081",270,59,"SecondRound","OtherCollege","Western"
"1083",21317,1,"Top5","OtherCollege","Eastern"
"1084",13903,2,"Top5","OtherCollege","Eastern"
"1085",16919,3,"Top5","OtherCollege","Western"
"1086",35426,4,"Top5","PowerSchool","Western"
"1087",25090,5,"Top5","PowerSchool","Western"
"1088",21780,6,"Lottery","NonCollegiate","Eastern"
"1089",24257,7,"Lottery","PowerSchool","Western"
"1090",745,8,"Lottery","OtherCollege","Eastern"
"1091",22851,9,"Lottery","OtherCollege","Eastern"
"1092",26192,10,"Lottery","OtherCollege","Eastern"
"1093",12486,11,"Lottery","OtherCollege","Eastern"
"1094",14819,12,"Lottery","OtherCollege","Western"
"1095",10564,13,"Lottery","PowerSchool","Western"
"1096",3841,14,"Lottery","OtherCollege","Western"
"1097",20573,15,"MidtoLateFirst","OtherCollege","Western"
"1098",10640,16,"MidtoLateFirst","OtherCollege","Eastern"
"1099",16389,17,"MidtoLateFirst","OtherCollege","Eastern"
"1100",13982,18,"MidtoLateFirst","OtherCollege","Eastern"
"1101",11925,19,"MidtoLateFirst","OtherCollege","Eastern"
"1102",3905,20,"MidtoLateFirst","NonCollegiate","Eastern"
"1103",16769,21,"MidtoLateFirst","OtherCollege","Eastern"
"1104",21938,22,"MidtoLateFirst","OtherCollege","Eastern"
"1105",11271,23,"MidtoLateFirst","OtherCollege","Western"
"1106",24941,24,"MidtoLateFirst","NonCollegiate","Western"
"1107",28030,25,"MidtoLateFirst","NonCollegiate","Western"
"1108",23667,26,"MidtoLateFirst","OtherCollege","Western"
"1109",8945,27,"MidtoLateFirst","PowerSchool","Western"
"1110",4259,28,"MidtoLateFirst","OtherCollege","Western"
"1111",2111,29,"MidtoLateFirst","PowerSchool","Eastern"
"1112",247,30,"MidtoLateFirst","OtherCollege","Eastern"
"1113",6744,31,"SecondRound","NonCollegiate","Western"
"1114",20,32,"SecondRound","OtherCollege","Western"
"1115",1488,33,"SecondRound","OtherCollege","Western"
"1116",17245,34,"SecondRound","PowerSchool","Western"
"1117",26194,35,"SecondRound","OtherCollege","Western"
"1118",9216,36,"SecondRound","NonCollegiate","Western"
"1119",16038,37,"SecondRound","PowerSchool","Eastern"
"1120",1379,38,"SecondRound","OtherCollege","Eastern"
"1121",3335,39,"SecondRound","OtherCollege","Eastern"
"1122",4381,40,"SecondRound","OtherCollege","Eastern"
"1123",431,41,"SecondRound","NonCollegiate","Eastern"
"1124",303,42,"SecondRound","OtherCollege","Western"
"1125",19,43,"SecondRound","OtherCollege","Western"
"1127",24734,45,"SecondRound","NonCollegiate","Western"
"1129",3016,47,"SecondRound","OtherCollege","Eastern"
"1130",472,48,"SecondRound","OtherCollege","Western"
"1134",1039,52,"SecondRound","PowerSchool","Eastern"
"1137",771,55,"SecondRound","OtherCollege","Western"
"1138",95,56,"SecondRound","PowerSchool","Western"
"1140",23,58,"SecondRound","PowerSchool","Western"
"1142",928,60,"SecondRound","NonCollegiate","Eastern"
"1143",23815,1,"Top5","OtherCollege","Western"
"1144",2357,2,"Top5","PowerSchool","Western"
"1145",32617,3,"Top5","OtherCollege","Western"
"1146",18242,4,"Top5","OtherCollege","Western"
"1147",20128,5,"Top5","NonCollegiate","Western"
"1148",3738,6,"Lottery","OtherCollege","Western"
"1149",28361,7,"Lottery","OtherCollege","Western"
"1150",7692,8,"Lottery","OtherCollege","Eastern"
"1151",32789,9,"Lottery","OtherCollege","Eastern"
"1152",16844,10,"Lottery","NonCollegiate","Eastern"
"1153",2922,11,"Lottery","PowerSchool","Eastern"
"1154",13854,12,"Lottery","PowerSchool","Eastern"
"1155",7233,13,"Lottery","OtherCollege","Eastern"
"1156",3630,14,"Lottery","PowerSchool","Western"
"1157",4132,15,"MidtoLateFirst","OtherCollege","Eastern"
"1158",15315,16,"MidtoLateFirst","OtherCollege","Eastern"
"1159",27817,17,"MidtoLateFirst","PowerSchool","Eastern"
"1160",16088,18,"MidtoLateFirst","OtherCollege","Western"
"1161",22164,19,"MidtoLateFirst","OtherCollege","Eastern"
"1162",3896,20,"MidtoLateFirst","OtherCollege","Western"
"1163",20833,21,"MidtoLateFirst","PowerSchool","Western"
"1164",1072,22,"MidtoLateFirst","NonCollegiate","Western"
"1165",11959,23,"MidtoLateFirst","NonCollegiate","Western"
"1166",3446,24,"MidtoLateFirst","OtherCollege","Western"
"1167",2896,25,"MidtoLateFirst","NonCollegiate","Western"
"1168",21976,26,"MidtoLateFirst","OtherCollege","Eastern"
"1169",13675,27,"MidtoLateFirst","OtherCollege","Western"
"1170",16100,28,"MidtoLateFirst","OtherCollege","Western"
"1171",7511,29,"MidtoLateFirst","OtherCollege","Western"
"1172",1049,30,"MidtoLateFirst","NonCollegiate","Eastern"
"1173",2322,31,"SecondRound","OtherCollege","Western"
"1174",786,32,"SecondRound","OtherCollege","Eastern"
"1175",14875,33,"SecondRound","PowerSchool","Western"
"1177",820,35,"SecondRound","OtherCollege","Eastern"
"1178",3966,36,"SecondRound","OtherCollege","Western"
"1179",7054,37,"SecondRound","OtherCollege","Western"
"1180",1570,38,"SecondRound","OtherCollege","Western"
"1181",11323,39,"SecondRound","NonCollegiate","Eastern"
"1182",2554,40,"SecondRound","OtherCollege","Eastern"
"1183",12110,41,"SecondRound","PowerSchool","Eastern"
"1184",14411,42,"SecondRound","OtherCollege","Western"
"1185",11299,43,"SecondRound","OtherCollege","Eastern"
"1186",7998,44,"SecondRound","OtherCollege","Eastern"
"1187",2011,45,"SecondRound","OtherCollege","Western"
"1188",20743,46,"SecondRound","OtherCollege","Eastern"
"1190",32,48,"SecondRound","OtherCollege","Western"
"1194",3929,52,"SecondRound","PowerSchool","Eastern"
"1195",1414,53,"SecondRound","NonCollegiate","Western"
"1197",17013,55,"SecondRound","OtherCollege","Western"
"1200",594,58,"SecondRound","OtherCollege","Eastern"
"1203",21833,1,"Top5","PowerSchool","Eastern"
"1204",18938,2,"Top5","OtherCollege","Eastern"
"1205",19202,3,"Top5","OtherCollege","Eastern"
"1206",13472,4,"Top5","OtherCollege","Western"
"1207",19509,5,"Top5","PowerSchool","Western"
"1208",5694,6,"Lottery","OtherCollege","Western"
"1209",17670,7,"Lottery","OtherCollege","Eastern"
"1210",17698,8,"Lottery","OtherCollege","Western"
"1211",22832,9,"Lottery","OtherCollege","Western"
"1212",24741,10,"Lottery","OtherCollege","Eastern"
"1213",3389,11,"Lottery","PowerSchool","Western"
"1214",2905,12,"Lottery","PowerSchool","Western"
"1215",13756,13,"Lottery","OtherCollege","Eastern"
"1216",14923,14,"Lottery","PowerSchool","Western"
"1217",4635,15,"MidtoLateFirst","OtherCollege","Eastern"
"1218",5332,16,"MidtoLateFirst","OtherCollege","Western"
"1219",6430,17,"MidtoLateFirst","NonCollegiate","Eastern"
"1220",21021,18,"MidtoLateFirst","PowerSchool","Western"
"1221",18151,19,"MidtoLateFirst","OtherCollege","Eastern"
"1222",4320,20,"MidtoLateFirst","OtherCollege","Western"
"1223",121,21,"MidtoLateFirst","OtherCollege","Western"
"1224",1470,22,"MidtoLateFirst","OtherCollege","Western"
"1225",10872,23,"MidtoLateFirst","OtherCollege","Western"
"1226",623,24,"MidtoLateFirst","OtherCollege","Eastern"
"1227",741,25,"MidtoLateFirst","OtherCollege","Western"
"1228",5530,26,"MidtoLateFirst","OtherCollege","Western"
"1229",6843,27,"MidtoLateFirst","OtherCollege","Eastern"
"1230",9520,28,"MidtoLateFirst","OtherCollege","Western"
"1231",542,29,"MidtoLateFirst","PowerSchool","Eastern"
"1232",591,30,"MidtoLateFirst","OtherCollege","Eastern"
"1233",82,31,"SecondRound","NonCollegiate","Eastern"
"1234",347,32,"SecondRound","OtherCollege","Eastern"
"1235",12645,33,"SecondRound","OtherCollege","Western"
"1236",401,34,"SecondRound","OtherCollege","Western"
"1237",9172,35,"SecondRound","NonCollegiate","Eastern"
"1239",39,37,"SecondRound","OtherCollege","Eastern"
"1240",24,38,"SecondRound","OtherCollege","Eastern"
"1241",6010,39,"SecondRound","OtherCollege","Eastern"
"1242",12680,40,"SecondRound","PowerSchool","Eastern"
"1243",397,41,"SecondRound","OtherCollege","Eastern"
"1245",711,43,"SecondRound","OtherCollege","Western"
"1246",491,44,"SecondRound","OtherCollege","Eastern"
"1248",2,46,"SecondRound","OtherCollege","Western"
"1252",181,50,"SecondRound","OtherCollege","Western"
"1254",871,52,"SecondRound","OtherCollege","Eastern"
"1255",21,53,"SecondRound","NonCollegiate","Eastern"
"1256",134,54,"SecondRound","OtherCollege","Western"
"1257",2626,55,"SecondRound","OtherCollege","Western"
"1258",157,56,"SecondRound","OtherCollege","Western"
"1259",17,57,"SecondRound","OtherCollege","Eastern"
"1260",215,58,"SecondRound","OtherCollege","Western"
"1263",20804,1,"Top5","PowerSchool","Eastern"
"1264",8864,2,"Top5","OtherCollege","Western"
"1265",16101,3,"Top5","NonCollegiate","Western"
"1266",19556,4,"Top5","OtherCollege","Eastern"
"1267",18141,5,"Top5","NonCollegiate","Eastern"
"1268",2455,6,"Lottery","NonCollegiate","Eastern"
"1269",14719,7,"Lottery","NonCollegiate","Western"
"1270",13202,8,"Lottery","PowerSchool","Eastern"
"1271",24666,9,"Lottery","PowerSchool","Eastern"
"1272",3213,10,"Lottery","OtherCollege","Eastern"
"1273",21281,11,"Lottery","OtherCollege","Western"
"1274",14379,12,"Lottery","OtherCollege","Western"
"1275",17724,13,"Lottery","PowerSchool","Western"
"1276",19451,14,"Lottery","PowerSchool","Western"
"1277",18025,15,"MidtoLateFirst","OtherCollege","Eastern"
"1278",22869,16,"MidtoLateFirst","OtherCollege","Eastern"
"1279",11470,17,"MidtoLateFirst","OtherCollege","Eastern"
"1280",2605,18,"MidtoLateFirst","OtherCollege","Eastern"
"1281",23618,19,"MidtoLateFirst","OtherCollege","Eastern"
"1282",4566,20,"MidtoLateFirst","NonCollegiate","Western"
"1283",829,21,"MidtoLateFirst","PowerSchool","Western"
"1284",11728,22,"MidtoLateFirst","OtherCollege","Western"
"1285",7718,23,"MidtoLateFirst","NonCollegiate","Western"
"1286",18001,24,"MidtoLateFirst","OtherCollege","Western"
"1287",3456,25,"MidtoLateFirst","OtherCollege","Eastern"
"1288",2100,26,"MidtoLateFirst","OtherCollege","Western"
"1289",298,27,"MidtoLateFirst","OtherCollege","Eastern"
"1290",8018,28,"MidtoLateFirst","OtherCollege","Eastern"
"1291",16161,29,"MidtoLateFirst","OtherCollege","Western"
"1292",22864,30,"MidtoLateFirst","OtherCollege","Eastern"
"1293",17519,31,"SecondRound","NonCollegiate","Eastern"
"1294",150,32,"SecondRound","OtherCollege","Eastern"
"1295",7794,33,"SecondRound","PowerSchool","Eastern"
"1296",8392,34,"SecondRound","OtherCollege","Eastern"
"1297",120,35,"SecondRound","PowerSchool","Western"
"1298",635,36,"SecondRound","OtherCollege","Eastern"
"1299",119,37,"SecondRound","OtherCollege","Western"
"1300",13246,38,"SecondRound","OtherCollege","Western"
"1301",1034,39,"SecondRound","NonCollegiate","Eastern"
"1302",5945,40,"SecondRound","OtherCollege","Eastern"
"1303",1464,41,"SecondRound","OtherCollege","Western"
"1304",7380,42,"SecondRound","NonCollegiate","Eastern"
"1305",534,43,"SecondRound","PowerSchool","Eastern"
"1306",1334,44,"SecondRound","OtherCollege","Western"
"1307",888,45,"SecondRound","PowerSchool","Western"
"1308",475,46,"SecondRound","OtherCollege","Western"
"1309",45,47,"SecondRound","OtherCollege","Western"
"1310",9,48,"SecondRound","OtherCollege","Eastern"
"1311",296,49,"SecondRound","PowerSchool","Western"
"1312",6905,50,"SecondRound","OtherCollege","Eastern"
"1314",135,52,"SecondRound","OtherCollege","Eastern"
"1315",1907,53,"SecondRound","PowerSchool","Eastern"
"1317",12564,55,"SecondRound","OtherCollege","Eastern"
"1322",15563,60,"SecondRound","OtherCollege","Western"
"1323",20805,1,"Top5","PowerSchool","Western"
"1324",10978,2,"Top5","PowerSchool","Eastern"
"1325",22418,3,"Top5","OtherCollege","Eastern"
"1326",11835,4,"Top5","OtherCollege","Eastern"
"1327",4204,5,"Top5","PowerSchool","Western"
"1328",25835,6,"Lottery","OtherCollege","Western"
"1329",23763,7,"Lottery","OtherCollege","Western"
"1330",16626,8,"Lottery","OtherCollege","Eastern"
"1331",21269,9,"Lottery","PowerSchool","Eastern"
"1332",15842,10,"Lottery","PowerSchool","Western"
"1333",7158,11,"Lottery","OtherCollege","Western"
"1334",11896,12,"Lottery","PowerSchool","Western"
"1335",3083,13,"Lottery","OtherCollege","Western"
"1336",8752,14,"Lottery","OtherCollege","Eastern"
"1337",14019,15,"MidtoLateFirst","OtherCollege","Eastern"
"1338",9,16,"MidtoLateFirst","OtherCollege","Western"
"1339",7254,17,"MidtoLateFirst","OtherCollege","Western"
"1340",5562,18,"MidtoLateFirst","PowerSchool","Western"
"1341",4080,19,"MidtoLateFirst","OtherCollege","Eastern"
"1342",18475,20,"MidtoLateFirst","NonCollegiate","Western"
"1343",6532,21,"MidtoLateFirst","OtherCollege","Eastern"
"1344",36,22,"MidtoLateFirst","OtherCollege","Eastern"
"1345",2183,23,"MidtoLateFirst","OtherCollege","Eastern"
"1346",605,24,"MidtoLateFirst","OtherCollege","Eastern"
"1347",3076,25,"MidtoLateFirst","OtherCollege","Western"
"1348",5658,26,"MidtoLateFirst","PowerSchool","Eastern"
"1349",729,27,"MidtoLateFirst","OtherCollege","Eastern"
"1350",1675,28,"MidtoLateFirst","OtherCollege","Western"
"1351",909,29,"MidtoLateFirst","PowerSchool","Eastern"
"1352",2394,30,"MidtoLateFirst","OtherCollege","Western"
"1353",2566,31,"SecondRound","OtherCollege","Eastern"
"1354",8617,32,"SecondRound","NonCollegiate","Eastern"
"1355",761,33,"SecondRound","OtherCollege","Eastern"
"1356",18562,34,"SecondRound","OtherCollege","Eastern"
"1357",19512,35,"SecondRound","OtherCollege","Western"
"1358",1112,36,"SecondRound","OtherCollege","Western"
"1359",5392,37,"SecondRound","OtherCollege","Eastern"
"1360",934,38,"SecondRound","OtherCollege","Western"
"1361",20692,39,"SecondRound","OtherCollege","Eastern"
"1362",16123,40,"SecondRound","OtherCollege","Western"
"1363",491,41,"SecondRound","PowerSchool","Western"
"1364",1272,42,"SecondRound","PowerSchool","Eastern"
"1365",9182,43,"SecondRound","OtherCollege","Eastern"
"1366",407,44,"SecondRound","OtherCollege","Eastern"
"1367",1961,45,"SecondRound","OtherCollege","Eastern"
"1368",5358,46,"SecondRound","PowerSchool","Western"
"1369",52,47,"SecondRound","OtherCollege","Western"
"1370",1089,48,"SecondRound","NonCollegiate","Eastern"
"1371",6714,49,"SecondRound","OtherCollege","Eastern"
"1373",54,51,"SecondRound","OtherCollege","Eastern"
"1374",164,52,"SecondRound","NonCollegiate","Western"
"1375",540,53,"SecondRound","NonCollegiate","Western"
"1376",247,54,"SecondRound","NonCollegiate","Eastern"
"1377",21,55,"SecondRound","OtherCollege","Western"
"1380",1397,58,"SecondRound","OtherCollege","Western"
"1382",2745,60,"SecondRound","OtherCollege","Western"
"1383",1905,1,"Top5","OtherCollege","Eastern"
"1384",15141,2,"Top5","PowerSchool","Eastern"
"1385",13080,3,"Top5","OtherCollege","Eastern"
"1386",10973,4,"Top5","PowerSchool","Eastern"
"1387",10769,5,"Top5","OtherCollege","Western"
"1388",10086,6,"Lottery","PowerSchool","Western"
"1389",12534,7,"Lottery","PowerSchool","Western"
"1390",19974,8,"Lottery","OtherCollege","Eastern"
"1391",10401,9,"Lottery","OtherCollege","Western"
"1392",18624,10,"Lottery","OtherCollege","Western"
"1393",9898,11,"Lottery","OtherCollege","Eastern"
"1394",17811,12,"Lottery","OtherCollege","Western"
"1395",13408,13,"Lottery","OtherCollege","Western"
"1396",4772,14,"Lottery","PowerSchool","Western"
"1397",21354,15,"MidtoLateFirst","NonCollegiate","Eastern"
"1398",1754,16,"MidtoLateFirst","NonCollegiate","Eastern"
"1399",16447,17,"MidtoLateFirst","NonCollegiate","Eastern"
"1400",4880,18,"MidtoLateFirst","OtherCollege","Eastern"
"1401",1110,19,"MidtoLateFirst","NonCollegiate","Eastern"
"1402",13093,20,"MidtoLateFirst","OtherCollege","Eastern"
"1403",12267,21,"MidtoLateFirst","PowerSchool","Western"
"1404",14769,22,"MidtoLateFirst","PowerSchool","Eastern"
"1405",9652,23,"MidtoLateFirst","OtherCollege","Eastern"
"1406",15837,24,"MidtoLateFirst","OtherCollege","Eastern"
"1407",9775,25,"MidtoLateFirst","OtherCollege","Western"
"1408",6801,26,"MidtoLateFirst","OtherCollege","Western"
"1409",18301,27,"MidtoLateFirst","NonCollegiate","Western"
"1411",2396,29,"MidtoLateFirst","PowerSchool","Western"
"1412",142,30,"MidtoLateFirst","NonCollegiate","Western"
"1413",9125,31,"SecondRound","OtherCollege","Eastern"
"1414",2777,32,"SecondRound","NonCollegiate","Western"
"1415",38,33,"SecondRound","OtherCollege","Eastern"
"1416",4799,34,"SecondRound","OtherCollege","Western"
"1417",152,35,"SecondRound","OtherCollege","Eastern"
"1418",2808,36,"SecondRound","OtherCollege","Western"
"1419",79,37,"SecondRound","OtherCollege","Eastern"
"1420",1575,38,"SecondRound","OtherCollege","Eastern"
"1421",2072,39,"SecondRound","PowerSchool","Western"
"1422",51,40,"SecondRound","OtherCollege","Western"
"1423",174,41,"SecondRound","OtherCollege","Western"
"1424",84,42,"SecondRound","OtherCollege","Eastern"
"1425",277,43,"SecondRound","OtherCollege","Eastern"
"1426",6694,44,"SecondRound","OtherCollege","Western"
"1428",452,46,"SecondRound","OtherCollege","Western"
"1429",6260,47,"SecondRound","NonCollegiate","Eastern"
"1430",3125,48,"SecondRound","PowerSchool","Western"
"1431",62,49,"SecondRound","OtherCollege","Eastern"
"1432",8022,50,"SecondRound","OtherCollege","Eastern"
"1434",1185,52,"SecondRound","OtherCollege","Western"
"1437",2823,55,"SecondRound","NonCollegiate","Western"
"1438",224,56,"SecondRound","PowerSchool","Eastern"
"1443",20935,1,"Top5","PowerSchool","Eastern"
"1444",8535,2,"Top5","PowerSchool","Eastern"
"1445",10240,3,"Top5","PowerSchool","Eastern"
"1446",15277,4,"Top5","OtherCollege","Eastern"
"1447",4545,5,"Top5","NonCollegiate","Western"
"1448",15484,6,"Lottery","OtherCollege","Eastern"
"1449",16145,7,"Lottery","PowerSchool","Western"
"1450",6701,8,"Lottery","OtherCollege","Western"
"1451",5683,9,"Lottery","PowerSchool","Western"
"1452",13383,10,"Lottery","OtherCollege","Eastern"
"1453",11012,11,"Lottery","OtherCollege","Western"
"1454",8965,12,"Lottery","NonCollegiate","Eastern"
"1455",15219,13,"Lottery","PowerSchool","Western"
"1456",9553,14,"Lottery","OtherCollege","Western"
"1457",1403,15,"MidtoLateFirst","OtherCollege","Eastern"
"1458",9815,16,"MidtoLateFirst","NonCollegiate","Eastern"
"1459",812,17,"MidtoLateFirst","PowerSchool","Eastern"
"1460",2336,18,"MidtoLateFirst","OtherCollege","Western"
"1461",13473,19,"MidtoLateFirst","OtherCollege","Eastern"
"1462",1293,20,"MidtoLateFirst","NonCollegiate","Eastern"
"1463",557,21,"MidtoLateFirst","OtherCollege","Western"
"1464",263,22,"MidtoLateFirst","PowerSchool","Western"
"1465",10977,23,"MidtoLateFirst","PowerSchool","Western"
"1466",5986,24,"MidtoLateFirst","PowerSchool","Western"
"1467",12614,25,"MidtoLateFirst","NonCollegiate","Western"
"1468",2000,26,"MidtoLateFirst","OtherCollege","Eastern"
"1469",9041,27,"MidtoLateFirst","NonCollegiate","Western"
"1470",376,28,"MidtoLateFirst","OtherCollege","Western"
"1471",1068,29,"MidtoLateFirst","OtherCollege","Western"
"1472",10583,30,"MidtoLateFirst","PowerSchool","Western"
"1473",156,31,"SecondRound","NonCollegiate","Eastern"
"1474",2092,32,"SecondRound","OtherCollege","Eastern"
"1475",10601,33,"SecondRound","OtherCollege","Eastern"
"1476",801,34,"SecondRound","OtherCollege","Eastern"
"1477",151,35,"SecondRound","OtherCollege","Western"
"1478",1684,36,"SecondRound","OtherCollege","Eastern"
"1480",10206,38,"SecondRound","OtherCollege","Eastern"
"1481",14454,39,"SecondRound","OtherCollege","Eastern"
"1482",5299,40,"SecondRound","OtherCollege","Western"
"1483",16018,41,"SecondRound","NonCollegiate","Western"
"1484",262,42,"SecondRound","OtherCollege","Western"
"1485",101,43,"SecondRound","NonCollegiate","Eastern"
"1486",1794,44,"SecondRound","OtherCollege","Western"
"1487",9720,45,"SecondRound","OtherCollege","Western"
"1488",16191,46,"SecondRound","OtherCollege","Eastern"
"1489",131,47,"SecondRound","PowerSchool","Eastern"
"1490",435,48,"SecondRound","OtherCollege","Eastern"
"1491",167,49,"SecondRound","OtherCollege","Eastern"
"1493",1159,51,"SecondRound","NonCollegiate","Eastern"
"1497",973,55,"SecondRound","OtherCollege","Eastern"
"1498",457,56,"SecondRound","OtherCollege","Western"
"1500",1696,58,"SecondRound","OtherCollege","Western"
"1502",581,60,"SecondRound","OtherCollege","Western"
"1503",16472,1,"Top5","PowerSchool","Western"
"1504",12477,2,"Top5","OtherCollege","Western"
"1505",4827,3,"Top5","PowerSchool","Eastern"
"1506",10386,4,"Top5","NonCollegiate","Eastern"
"1507",6107,5,"Top5","NonCollegiate","Eastern"
"1508",9276,6,"Lottery","PowerSchool","Western"
"1509",7187,7,"Lottery","NonCollegiate","Western"
"1510",8410,8,"Lottery","OtherCollege","Eastern"
"1511",7925,9,"Lottery","OtherCollege","Eastern"
"1512",8129,10,"Lottery","PowerSchool","Eastern"
"1513",12379,11,"Lottery","OtherCollege","Eastern"
"1514",8217,12,"Lottery","PowerSchool","Western"
"1515",16072,13,"Lottery","PowerSchool","Western"
"1516",4994,14,"Lottery","OtherCollege","Western"
"1517",12061,15,"MidtoLateFirst","PowerSchool","Eastern"
"1518",12438,16,"MidtoLateFirst","PowerSchool","Eastern"
"1519",1671,17,"MidtoLateFirst","OtherCollege","Eastern"
"1520",3097,18,"MidtoLateFirst","OtherCollege","Western"
"1521",4998,19,"MidtoLateFirst","OtherCollege","Eastern"
"1522",8577,20,"MidtoLateFirst","OtherCollege","Eastern"
"1523",3280,21,"MidtoLateFirst","OtherCollege","Western"
"1524",9837,22,"MidtoLateFirst","OtherCollege","Eastern"
"1525",6759,23,"MidtoLateFirst","OtherCollege","Western"
"1526",8377,24,"MidtoLateFirst","PowerSchool","Eastern"
"1527",2927,25,"MidtoLateFirst","OtherCollege","Western"
"1529",9527,27,"MidtoLateFirst","OtherCollege","Western"
"1530",395,28,"MidtoLateFirst","OtherCollege","Eastern"
"1531",532,29,"MidtoLateFirst","OtherCollege","Eastern"
"1532",6014,30,"MidtoLateFirst","PowerSchool","Western"
"1533",7998,31,"SecondRound","NonCollegiate","Western"
"1534",9864,32,"SecondRound","PowerSchool","Western"
"1535",482,33,"SecondRound","OtherCollege","Eastern"
"1536",762,34,"SecondRound","OtherCollege","Western"
"1537",4691,35,"SecondRound","NonCollegiate","Eastern"
"1538",225,36,"SecondRound","OtherCollege","Western"
"1539",7923,37,"SecondRound","OtherCollege","Eastern"
"1540",859,38,"SecondRound","PowerSchool","Eastern"
"1542",13032,40,"SecondRound","OtherCollege","Eastern"
"1543",7717,41,"SecondRound","OtherCollege","Eastern"
"1545",1077,43,"SecondRound","OtherCollege","Eastern"
"1546",2987,44,"SecondRound","PowerSchool","Western"
"1548",9423,46,"SecondRound","PowerSchool","Eastern"
"1550",161,48,"SecondRound","PowerSchool","Western"
"1558",29,56,"SecondRound","OtherCollege","Western"
"1563",9326,1,"Top5","OtherCollege","Eastern"
"1564",12080,2,"Top5","PowerSchool","Western"
"1565",11559,3,"Top5","OtherCollege","Eastern"
"1566",3755,4,"Top5","NonCollegiate","Western"
"1567",5897,5,"Top5","OtherCollege","Western"
"1568",13675,6,"Lottery","OtherCollege","Western"
"1569",10384,7,"Lottery","PowerSchool","Western"
"1570",5338,8,"Lottery","OtherCollege","Western"
"1571",8409,9,"Lottery","OtherCollege","Eastern"
"1572",3624,10,"Lottery","NonCollegiate","Eastern"
"1573",11806,11,"Lottery","OtherCollege","Eastern"
"1574",8936,12,"Lottery","OtherCollege","Western"
"1575",477,13,"Lottery","NonCollegiate","Western"
"1576",4817,14,"Lottery","OtherCollege","Eastern"
"1577",4655,15,"MidtoLateFirst","NonCollegiate","Western"
"1578",486,16,"MidtoLateFirst","NonCollegiate","Eastern"
"1579",579,17,"MidtoLateFirst","OtherCollege","Western"
"1580",787,18,"MidtoLateFirst","OtherCollege","Eastern"
"1581",7026,19,"MidtoLateFirst","OtherCollege","Western"
"1582",8761,20,"MidtoLateFirst","OtherCollege","Eastern"
"1583",5670,21,"MidtoLateFirst","OtherCollege","Eastern"
"1584",625,22,"MidtoLateFirst","OtherCollege","Eastern"
"1585",1517,23,"MidtoLateFirst","NonCollegiate","Eastern"
"1586",5254,24,"MidtoLateFirst","NonCollegiate","Eastern"
"1587",107,25,"MidtoLateFirst","OtherCollege","Western"
"1588",4794,26,"MidtoLateFirst","NonCollegiate","Eastern"
"1589",11780,27,"MidtoLateFirst","OtherCollege","Eastern"
"1590",2595,28,"MidtoLateFirst","PowerSchool","Western"
"1591",8257,29,"MidtoLateFirst","OtherCollege","Western"
"1592",3035,30,"MidtoLateFirst","OtherCollege","Western"
"1593",1299,31,"SecondRound","OtherCollege","Eastern"
"1594",6846,32,"SecondRound","NonCollegiate","Western"
"1595",2186,33,"SecondRound","PowerSchool","Western"
"1596",2782,34,"SecondRound","PowerSchool","Western"
"1598",10052,36,"SecondRound","OtherCollege","Eastern"
"1599",74,37,"SecondRound","PowerSchool","Western"
"1600",3373,38,"SecondRound","OtherCollege","Eastern"
"1602",24,40,"SecondRound","OtherCollege","Western"
"1603",108,41,"SecondRound","OtherCollege","Eastern"
"1604",1823,42,"SecondRound","OtherCollege","Western"
"1605",125,43,"SecondRound","NonCollegiate","Western"
"1607",136,45,"SecondRound","OtherCollege","Eastern"
"1608",163,46,"SecondRound","OtherCollege","Western"
"1609",3099,47,"SecondRound","OtherCollege","Eastern"
"1610",1667,48,"SecondRound","NonCollegiate","Eastern"
"1611",32,49,"SecondRound","OtherCollege","Eastern"
"1612",4454,50,"SecondRound","OtherCollege","Eastern"
"1613",10,51,"SecondRound","OtherCollege","Eastern"
"1614",91,52,"SecondRound","OtherCollege","Western"
"1615",38,53,"SecondRound","NonCollegiate","Western"
"1616",526,54,"SecondRound","OtherCollege","Eastern"
"1617",28,55,"SecondRound","OtherCollege","Eastern"
"1618",232,56,"SecondRound","PowerSchool","Western"
"1620",2583,58,"SecondRound","OtherCollege","Eastern"
"1622",1714,60,"SecondRound","OtherCollege","Western"
"1623",3251,1,"Top5","OtherCollege","Eastern"
"1624",8187,2,"Top5","PowerSchool","Western"
"1625",12184,3,"Top5","PowerSchool","Eastern"
"1626",6718,4,"Top5","PowerSchool","Western"
"1627",10325,5,"Top5","PowerSchool","Western"
"1628",3512,6,"Lottery","OtherCollege","Eastern"
"1629",8389,7,"Lottery","OtherCollege","Western"
"1630",4804,8,"Lottery","NonCollegiate","Eastern"
"1631",5152,9,"Lottery","OtherCollege","Western"
"1632",3193,10,"Lottery","OtherCollege","Western"
"1633",6298,11,"Lottery","PowerSchool","Eastern"
"1634",6973,12,"Lottery","PowerSchool","Eastern"
"1635",11637,13,"Lottery","PowerSchool","Western"
"1636",9666,14,"Lottery","PowerSchool","Eastern"
"1637",4779,15,"MidtoLateFirst","OtherCollege","Western"
"1638",296,16,"MidtoLateFirst","OtherCollege","Eastern"
"1639",1803,17,"MidtoLateFirst","OtherCollege","Eastern"
"1640",1238,18,"MidtoLateFirst","PowerSchool","Eastern"
"1641",8488,19,"MidtoLateFirst","OtherCollege","Eastern"
"1642",1835,20,"MidtoLateFirst","PowerSchool","Western"
"1643",4000,21,"MidtoLateFirst","NonCollegiate","Western"
"1644",9062,22,"MidtoLateFirst","OtherCollege","Eastern"
"1645",8060,23,"MidtoLateFirst","PowerSchool","Eastern"
"1646",96,24,"MidtoLateFirst","OtherCollege","Western"
"1647",443,25,"MidtoLateFirst","NonCollegiate","Eastern"
"1648",655,26,"MidtoLateFirst","OtherCollege","Western"
"1649",10399,27,"MidtoLateFirst","OtherCollege","Eastern"
"1650",1961,28,"MidtoLateFirst","OtherCollege","Western"
"1651",6807,29,"MidtoLateFirst","OtherCollege","Western"
"1652",8071,30,"MidtoLateFirst","PowerSchool","Western"
"1653",3868,31,"SecondRound","PowerSchool","Eastern"
"1654",957,32,"SecondRound","OtherCollege","Western"
"1655",3827,33,"SecondRound","OtherCollege","Eastern"
"1656",1616,34,"SecondRound","PowerSchool","Western"
"1657",1237,35,"SecondRound","OtherCollege","Eastern"
"1658",686,36,"SecondRound","NonCollegiate","Eastern"
"1659",4111,37,"SecondRound","OtherCollege","Eastern"
"1660",1937,38,"SecondRound","OtherCollege","Eastern"
"1661",843,39,"SecondRound","OtherCollege","Eastern"
"1662",4012,40,"SecondRound","OtherCollege","Western"
"1663",1672,41,"SecondRound","OtherCollege","Eastern"
"1664",3425,42,"SecondRound","PowerSchool","Western"
"1665",2262,43,"SecondRound","NonCollegiate","Western"
"1666",4242,44,"SecondRound","OtherCollege","Eastern"
"1667",7674,45,"SecondRound","OtherCollege","Western"
"1668",4434,46,"SecondRound","OtherCollege","Eastern"
"1669",36,47,"SecondRound","PowerSchool","Eastern"
"1670",1721,48,"SecondRound","OtherCollege","Eastern"
"1671",502,49,"SecondRound","NonCollegiate","Western"
"1673",7066,51,"SecondRound","OtherCollege","Western"
"1674",1520,52,"SecondRound","OtherCollege","Western"
"1675",640,53,"SecondRound","OtherCollege","Eastern"
"1676",225,54,"SecondRound","OtherCollege","Western"
"1677",50,55,"SecondRound","OtherCollege","Western"
"1678",115,56,"SecondRound","OtherCollege","Eastern"
"1681",439,59,"SecondRound","OtherCollege","Western"
"1683",7247,1,"Top5","OtherCollege","Western"
"1684",4159,2,"Top5","PowerSchool","Western"
"1685",8928,3,"Top5","NonCollegiate","Eastern"
"1686",5521,4,"Top5","OtherCollege","Western"
"1687",9400,5,"Top5","OtherCollege","Western"
"1688",4193,6,"Lottery","OtherCollege","Eastern"
"1689",5593,7,"Lottery","PowerSchool","Eastern"
"1690",7179,8,"Lottery","OtherCollege","Eastern"
"1691",4010,9,"Lottery","PowerSchool","Eastern"
"1692",9661,10,"Lottery","PowerSchool","Eastern"
"1693",7724,11,"Lottery","PowerSchool","Eastern"
"1694",8460,12,"Lottery","OtherCollege","Western"
"1695",1604,13,"Lottery","OtherCollege","Western"
"1696",3080,14,"Lottery","OtherCollege","Western"
"1697",4091,15,"MidtoLateFirst","OtherCollege","Eastern"
"1698",143,16,"MidtoLateFirst","OtherCollege","Western"
"1699",4751,17,"MidtoLateFirst","PowerSchool","Eastern"
"1700",4240,18,"MidtoLateFirst","OtherCollege","Western"
"1701",8122,19,"MidtoLateFirst","OtherCollege","Eastern"
"1702",5017,20,"MidtoLateFirst","OtherCollege","Western"
"1703",4198,21,"MidtoLateFirst","PowerSchool","Western"
"1704",1790,22,"MidtoLateFirst","OtherCollege","Eastern"
"1705",4460,23,"MidtoLateFirst","PowerSchool","Eastern"
"1706",4375,24,"MidtoLateFirst","NonCollegiate","Western"
"1707",2963,25,"MidtoLateFirst","OtherCollege","Western"
"1708",6094,26,"MidtoLateFirst","OtherCollege","Eastern"
"1709",3460,27,"MidtoLateFirst","OtherCollege","Eastern"
"1710",622,28,"MidtoLateFirst","PowerSchool","Western"
"1711",526,29,"MidtoLateFirst","NonCollegiate","Eastern"
"1712",1691,30,"MidtoLateFirst","PowerSchool","Eastern"
"1713",1677,31,"SecondRound","NonCollegiate","Western"
"1714",3144,32,"SecondRound","OtherCollege","Western"
"1715",6834,33,"SecondRound","PowerSchool","Western"
"1716",6708,34,"SecondRound","PowerSchool","Eastern"
"1717",290,35,"SecondRound","OtherCollege","Eastern"
"1718",5473,36,"SecondRound","NonCollegiate","Eastern"
"1719",5693,37,"SecondRound","PowerSchool","Western"
"1720",409,38,"SecondRound","OtherCollege","Eastern"
"1721",1871,39,"SecondRound","NonCollegiate","Eastern"
"1722",2103,40,"SecondRound","NonCollegiate","Eastern"
"1723",3134,41,"SecondRound","PowerSchool","Eastern"
"1724",6308,42,"SecondRound","OtherCollege","Eastern"
"1727",3917,45,"SecondRound","PowerSchool","Eastern"
"1728",4853,46,"SecondRound","OtherCollege","Western"
"1729",3745,47,"SecondRound","PowerSchool","Western"
"1730",2448,48,"SecondRound","OtherCollege","Western"
"1731",2017,49,"SecondRound","OtherCollege","Western"
"1732",538,50,"SecondRound","OtherCollege","Eastern"
"1734",16,52,"SecondRound","OtherCollege","Western"
"1735",81,53,"SecondRound","OtherCollege","Western"
"1736",3713,54,"SecondRound","OtherCollege","Western"
"1737",5,55,"SecondRound","NonCollegiate","Eastern"
"1738",167,56,"SecondRound","PowerSchool","Eastern"
"1739",52,57,"SecondRound","OtherCollege","Western"
"1740",36,58,"SecondRound","PowerSchool","Western"
"1741",25,59,"SecondRound","OtherCollege","Western"
"1742",87,60,"SecondRound","OtherCollege","Eastern"
"1743",2694,1,"Top5","PowerSchool","Western"
"1744",6016,2,"Top5","OtherCollege","Western"
"1745",6632,3,"Top5","PowerSchool","Eastern"
"1746",4273,4,"Top5","OtherCollege","Western"
"1747",6044,5,"Top5","OtherCollege","Eastern"
"1748",2343,6,"Lottery","OtherCollege","Western"
"1749",5505,7,"Lottery","OtherCollege","Eastern"
"1750",3442,8,"Lottery","OtherCollege","Eastern"
"1751",4184,9,"Lottery","OtherCollege","Eastern"
"1752",3313,10,"Lottery","PowerSchool","Eastern"
"1753",4422,11,"Lottery","OtherCollege","Western"
"1754",5481,12,"Lottery","PowerSchool","Eastern"
"1755",5294,13,"Lottery","PowerSchool","Eastern"
"1756",1424,14,"Lottery","PowerSchool","Eastern"
"1757",1639,15,"MidtoLateFirst","NonCollegiate","Eastern"
"1758",2882,16,"MidtoLateFirst","OtherCollege","Eastern"
"1759",3064,17,"MidtoLateFirst","OtherCollege","Eastern"
"1760",1761,18,"MidtoLateFirst","NonCollegiate","Eastern"
"1761",356,19,"MidtoLateFirst","NonCollegiate","Western"
"1762",4270,20,"MidtoLateFirst","OtherCollege","Eastern"
"1763",3961,21,"MidtoLateFirst","OtherCollege","Western"
"1764",4056,22,"MidtoLateFirst","OtherCollege","Eastern"
"1765",4768,23,"MidtoLateFirst","NonCollegiate","Western"
"1766",1917,24,"MidtoLateFirst","OtherCollege","Eastern"
"1767",2301,25,"MidtoLateFirst","OtherCollege","Western"
"1768",972,26,"MidtoLateFirst","OtherCollege","Eastern"
"1769",344,27,"MidtoLateFirst","OtherCollege","Eastern"
"1770",4545,28,"MidtoLateFirst","OtherCollege","Western"
"1771",4661,29,"MidtoLateFirst","PowerSchool","Western"
"1772",3904,30,"MidtoLateFirst","OtherCollege","Eastern"
"1773",1755,31,"SecondRound","OtherCollege","Eastern"
"1774",717,32,"SecondRound","OtherCollege","Western"
"1775",706,33,"SecondRound","OtherCollege","Eastern"
"1776",1091,34,"SecondRound","OtherCollege","Eastern"
"1777",185,35,"SecondRound","NonCollegiate","Eastern"
"1778",3618,36,"SecondRound","OtherCollege","Eastern"
"1779",160,37,"SecondRound","NonCollegiate","Western"
"1780",2844,38,"SecondRound","OtherCollege","Eastern"
"1781",223,39,"SecondRound","NonCollegiate","Western"
"1782",542,40,"SecondRound","OtherCollege","Western"
"1783",3085,41,"SecondRound","PowerSchool","Western"
"1784",837,42,"SecondRound","OtherCollege","Eastern"
"1785",1885,43,"SecondRound","OtherCollege","Western"
"1786",328,44,"SecondRound","OtherCollege","Eastern"
"1787",2384,45,"SecondRound","OtherCollege","Eastern"
"1788",2896,46,"SecondRound","OtherCollege","Eastern"
"1789",838,47,"SecondRound","OtherCollege","Western"
"1790",3942,48,"SecondRound","OtherCollege","Western"
"1791",272,49,"SecondRound","OtherCollege","Western"
"1792",234,50,"SecondRound","OtherCollege","Eastern"
"1793",407,51,"SecondRound","OtherCollege","Eastern"
"1794",2092,52,"SecondRound","OtherCollege","Eastern"
"1795",45,53,"SecondRound","OtherCollege","Western"
"1796",28,54,"SecondRound","OtherCollege","Eastern"
"1797",431,55,"SecondRound","OtherCollege","Eastern"
"1799",249,57,"SecondRound","OtherCollege","Western"
"1800",672,58,"SecondRound","OtherCollege","Western"
"1801",28,59,"SecondRound","OtherCollege","Eastern"
"1803",4780,1,"Top5","OtherCollege","Western"
"1804",836,2,"Top5","OtherCollege","Western"
"1805",3891,3,"Top5","NonCollegiate","Eastern"
"1806",2405,4,"Top5","OtherCollege","Eastern"
"1807",4154,5,"Top5","OtherCollege","Eastern"
"1808",1593,6,"Lottery","OtherCollege","Eastern"
"1809",2317,7,"Lottery","NonCollegiate","Eastern"
"1810",1913,8,"Lottery","OtherCollege","Eastern"
"1811",3241,9,"Lottery","NonCollegiate","Eastern"
"1812",1081,10,"Lottery","OtherCollege","Western"
"1813",2993,11,"Lottery","OtherCollege","Western"
"1814",4441,12,"Lottery","OtherCollege","Western"
"1815",1245,13,"Lottery","OtherCollege","Western"
"1816",1243,14,"Lottery","OtherCollege","Eastern"
"1817",3332,15,"MidtoLateFirst","OtherCollege","Eastern"
"1818",3271,16,"MidtoLateFirst","OtherCollege","Western"
"1819",2323,17,"MidtoLateFirst","NonCollegiate","Western"
"1820",1484,18,"MidtoLateFirst","OtherCollege","Western"
"1821",4613,19,"MidtoLateFirst","PowerSchool","Eastern"
"1822",2462,20,"MidtoLateFirst","OtherCollege","Eastern"
"1823",3585,21,"MidtoLateFirst","PowerSchool","Eastern"
"1824",1095,22,"MidtoLateFirst","OtherCollege","Western"
"1825",241,23,"MidtoLateFirst","NonCollegiate","Eastern"
"1826",2290,24,"MidtoLateFirst","NonCollegiate","Eastern"
"1827",3045,25,"MidtoLateFirst","PowerSchool","Western"
"1828",2269,26,"MidtoLateFirst","OtherCollege","Eastern"
"1829",252,27,"MidtoLateFirst","PowerSchool","Western"
"1830",3314,28,"MidtoLateFirst","OtherCollege","Western"
"1831",1465,29,"MidtoLateFirst","OtherCollege","Eastern"
"1832",3785,30,"MidtoLateFirst","OtherCollege","Eastern"
"1833",59,31,"SecondRound","OtherCollege","Western"
"1834",159,32,"SecondRound","PowerSchool","Eastern"
"1835",188,33,"SecondRound","OtherCollege","Western"
"1836",2686,34,"SecondRound","NonCollegiate","Eastern"
"1837",1786,35,"SecondRound","OtherCollege","Western"
"1838",71,36,"SecondRound","OtherCollege","Eastern"
"1839",690,37,"SecondRound","NonCollegiate","Eastern"
"1840",1385,38,"SecondRound","OtherCollege","Western"
"1841",498,39,"SecondRound","OtherCollege","Western"
"1842",87,40,"SecondRound","OtherCollege","Western"
"1843",1417,41,"SecondRound","PowerSchool","Western"
"1844",430,42,"SecondRound","PowerSchool","Western"
"1845",228,43,"SecondRound","OtherCollege","Western"
"1846",35,44,"SecondRound","NonCollegiate","Eastern"
"1847",1459,45,"SecondRound","PowerSchool","Eastern"
"1848",1366,46,"SecondRound","OtherCollege","Western"
"1850",364,48,"SecondRound","OtherCollege","Western"
"1851",992,49,"SecondRound","OtherCollege","Eastern"
"1852",489,50,"SecondRound","OtherCollege","Eastern"
"1854",2724,52,"SecondRound","NonCollegiate","Western"
"1855",137,53,"SecondRound","OtherCollege","Western"
"1856",248,54,"SecondRound","PowerSchool","Eastern"
"1857",205,55,"SecondRound","OtherCollege","Eastern"
"1858",27,56,"SecondRound","OtherCollege","Eastern"
"1859",398,57,"SecondRound","OtherCollege","Western"
"1860",479,58,"SecondRound","OtherCollege","Eastern"
"1861",172,59,"SecondRound","OtherCollege","Eastern"
"1862",291,60,"SecondRound","OtherCollege","Western"
"1863",2088,1,"Top5","OtherCollege","Eastern"
"1864",2138,2,"Top5","NonCollegiate","Western"
"1865",2331,3,"Top5","OtherCollege","Eastern"
"1866",2617,4,"Top5","OtherCollege","Eastern"
"1867",1307,5,"Top5","OtherCollege","Eastern"
"1868",1700,6,"Lottery","NonCollegiate","Western"
"1869",1185,7,"Lottery","NonCollegiate","Western"
"1870",2429,8,"Lottery","OtherCollege","Eastern"
"1871",2076,9,"Lottery","OtherCollege","Western"
"1872",1346,10,"Lottery","OtherCollege","Western"
"1873",304,11,"Lottery","PowerSchool","Eastern"
"1874",965,12,"Lottery","OtherCollege","Western"
"1875",1541,13,"Lottery","OtherCollege","Eastern"
"1876",607,14,"Lottery","OtherCollege","Western"
"1877",1801,15,"MidtoLateFirst","OtherCollege","Eastern"
"1878",1489,16,"MidtoLateFirst","NonCollegiate","Western"
"1879",864,17,"MidtoLateFirst","OtherCollege","Western"
"1880",1367,18,"MidtoLateFirst","OtherCollege","Western"
"1881",63,19,"MidtoLateFirst","OtherCollege","Eastern"
"1882",120,20,"MidtoLateFirst","PowerSchool","Eastern"
"1883",697,21,"MidtoLateFirst","OtherCollege","Eastern"
"1884",541,22,"MidtoLateFirst","PowerSchool","Western"
"1885",239,23,"MidtoLateFirst","NonCollegiate","Western"
"1886",1334,24,"MidtoLateFirst","OtherCollege","Western"
"1887",786,25,"MidtoLateFirst","OtherCollege","Western"
"1888",1310,26,"MidtoLateFirst","OtherCollege","Western"
"1889",1176,27,"MidtoLateFirst","OtherCollege","Eastern"
"1890",6,28,"MidtoLateFirst","OtherCollege","Eastern"
"1891",391,29,"MidtoLateFirst","OtherCollege","Western"
"1892",360,30,"MidtoLateFirst","OtherCollege","Western"
"1893",74,31,"SecondRound","NonCollegiate","Eastern"
"1894",1087,32,"SecondRound","PowerSchool","Eastern"
"1897",2335,35,"SecondRound","OtherCollege","Western"
"1898",372,36,"SecondRound","OtherCollege","Western"
"1899",262,37,"SecondRound","OtherCollege","Eastern"
"1900",2110,38,"SecondRound","OtherCollege","Eastern"
"1901",120,39,"SecondRound","OtherCollege","Western"
"1902",360,40,"SecondRound","OtherCollege","Western"
"1903",205,41,"SecondRound","OtherCollege","Western"
"1904",383,42,"SecondRound","OtherCollege","Eastern"
"1905",640,43,"SecondRound","OtherCollege","Western"
"1906",987,44,"SecondRound","OtherCollege","Eastern"
"1908",696,46,"SecondRound","OtherCollege","Eastern"
"1909",2,47,"SecondRound","PowerSchool","Eastern"
"1910",39,48,"SecondRound","OtherCollege","Eastern"
"1913",760,51,"SecondRound","PowerSchool","Western"
"1914",389,52,"SecondRound","OtherCollege","Eastern"
"1915",168,53,"SecondRound","OtherCollege","Eastern"
"1916",407,54,"SecondRound","OtherCollege","Eastern"
"1917",1209,55,"SecondRound","OtherCollege","Western"
"1918",7,56,"SecondRound","OtherCollege","Eastern"
"1920",555,58,"SecondRound","OtherCollege","Eastern"
"1922",214,60,"SecondRound","NonCollegiate","Eastern"
